season_end_year,role,stat_name,mean
2027,GK,goals_p90,0.000900900900900901
2027,DEF,goals_p90,0.0447165524957423
2027,MID,goals_p90,0.118800209900271
2027,FWD,goals_p90,0.30323988436377
2027,OTHER,goals_p90,0.245115578269952
2026,GK,goals_p90,0.00051285808484138
2026,DEF,goals_p90,0.0418985200143226
2026,MID,goals_p90,0.110035174548141
2026,FWD,goals_p90,0.280888863507456
2026,OTHER,goals_p90,0.22419259068007
2025,GK,goals_p90,0.000332491022742386
2025,DEF,goals_p90,0.0394820913859076
2025,MID,goals_p90,0.107724049324804
2025,FWD,goals_p90,0.28194923722433
2025,OTHER,goals_p90,0.223881345734455
2024,GK,goals_p90,0.000602813127930342
2024,DEF,goals_p90,0.0407539654576821
2024,MID,goals_p90,0.106076474631053
2024,FWD,goals_p90,0.294548235966169
2024,OTHER,goals_p90,0.229521665127017
2023,GK,goals_p90,0.000984598073000914
2023,DEF,goals_p90,0.0393577008520947
2023,MID,goals_p90,0.104149409928501
2023,FWD,goals_p90,0.288056123979941
2023,OTHER,goals_p90,0.216955987158357
2022,GK,goals_p90,0.000208362272537853
2022,DEF,goals_p90,0.0390311142252743
2022,MID,goals_p90,0.102961903048623
2022,FWD,goals_p90,0.290522603673561
2022,OTHER,goals_p90,0.219350745430069
2021,GK,goals_p90,0.000358063592093956
2021,DEF,goals_p90,0.0369120530315477
2021,MID,goals_p90,0.1034896282723
2021,FWD,goals_p90,0.296814698153657
2021,OTHER,goals_p90,0.216631218581757
2020,GK,goals_p90,0.000233754090696587
2020,DEF,goals_p90,0.0405478586854181
2020,MID,goals_p90,0.104195180385031
2020,FWD,goals_p90,0.306880196308953
2020,OTHER,goals_p90,0.252359541268739
2019,GK,goals_p90,0
2019,DEF,goals_p90,0.0382417564975957
2019,MID,goals_p90,0.114944864499407
2019,FWD,goals_p90,0.316574675600773
2019,OTHER,goals_p90,0.254275649719684
2018,GK,goals_p90,0.00083166999334664
2018,DEF,goals_p90,0.0363565700798761
2018,MID,goals_p90,0.119073206790234
2018,FWD,goals_p90,0.343760062518812
2018,OTHER,goals_p90,0.243631400445417
2017,GK,goals_p90,0.000658111220796315
2017,DEF,goals_p90,0.0374455229895595
2017,MID,goals_p90,0.118741057757109
2017,FWD,goals_p90,0.341830883087643
2017,OTHER,goals_p90,0.249728542105113
2016,GK,goals_p90,0.000649290418328541
2016,DEF,goals_p90,0.0359955645023397
2016,MID,goals_p90,0.119427809388973
2016,FWD,goals_p90,0.329532691631405
2016,OTHER,goals_p90,0.210911167810502
2015,GK,goals_p90,0.00132100396301189
2015,DEF,goals_p90,0.0352604066901675
2015,MID,goals_p90,0.110441005104264
2015,FWD,goals_p90,0.317261541767611
2015,OTHER,goals_p90,0.223581059955295
2014,GK,goals_p90,0.0006265664160401
2014,DEF,goals_p90,0.0297589009262832
2014,MID,goals_p90,0.120341974682974
2014,FWD,goals_p90,0.284316912779483
2014,OTHER,goals_p90,0.210055876586928
2027,GK,shots_p90,0.00405405405405405
2027,DEF,shots_p90,0.48466381354421
2027,MID,shots_p90,1.17183444475934
2027,FWD,shots_p90,1.99626248610433
2027,OTHER,shots_p90,1.96996870906654
2026,GK,shots_p90,0.00278408674628178
2026,DEF,shots_p90,0.552659119648767
2026,MID,shots_p90,1.23336026741867
2026,FWD,shots_p90,2.15261406313527
2026,OTHER,shots_p90,2.10210886093241
2025,GK,shots_p90,0.00206144434100279
2025,DEF,shots_p90,0.531922265032117
2025,MID,shots_p90,1.1964208642633
2025,FWD,shots_p90,2.16905133227476
2025,OTHER,shots_p90,1.98562715043937
2024,GK,shots_p90,0.002947086403215
2024,DEF,shots_p90,0.546336324503943
2024,MID,shots_p90,1.23333178526582
2024,FWD,shots_p90,2.24018678956372
2024,OTHER,shots_p90,2.0932761751135
2023,GK,shots_p90,0.0027428089176454
2023,DEF,shots_p90,0.531213430980985
2023,MID,shots_p90,1.21399598255305
2023,FWD,shots_p90,2.19590358556965
2023,OTHER,shots_p90,2.01385877859409
2022,GK,shots_p90,0.0030583749658717
2022,DEF,shots_p90,0.53123027809881
2022,MID,shots_p90,1.20378202663322
2022,FWD,shots_p90,2.21830660416217
2022,OTHER,shots_p90,2.01756737263089
2021,GK,shots_p90,0.00236321970782011
2021,DEF,shots_p90,0.502287340544973
2021,MID,shots_p90,1.19142157321831
2021,FWD,shots_p90,2.1749227274762
2021,OTHER,shots_p90,1.89751918389498
2020,GK,shots_p90,0.00292192613370734
2020,DEF,shots_p90,0.504132683751443
2020,MID,shots_p90,1.25873251523761
2020,FWD,shots_p90,2.26558677244598
2020,OTHER,shots_p90,2.21700287370614
2019,GK,shots_p90,0.00165521807498138
2019,DEF,shots_p90,0.51623388968523
2019,MID,shots_p90,1.33861680684143
2019,FWD,shots_p90,2.39443647422503
2019,OTHER,shots_p90,2.28826710005899
2018,GK,shots_p90,0.00332667997338656
2018,DEF,shots_p90,0.486253453469729
2018,MID,shots_p90,1.35801921415342
2018,FWD,shots_p90,2.41817915939866
2018,OTHER,shots_p90,2.25568789040257
2017,GK,shots_p90,0.00311706886384591
2017,DEF,shots_p90,0.490085695444322
2017,MID,shots_p90,1.35345543790726
2017,FWD,shots_p90,2.3924579259479
2017,OTHER,shots_p90,2.28224763327354
2016,GK,shots_p90,0.0026899174473611
2016,DEF,shots_p90,0.47315120719039
2016,MID,shots_p90,1.38584489047954
2016,FWD,shots_p90,2.40439339915442
2016,OTHER,shots_p90,1.84939803150054
2015,GK,shots_p90,0.00407499652640245
2015,DEF,shots_p90,0.483861655247816
2015,MID,shots_p90,1.36077467552302
2015,FWD,shots_p90,2.40102496991842
2015,OTHER,shots_p90,2.04796389663047
2014,GK,shots_p90,0.00109649122807018
2014,DEF,shots_p90,0.469973995903272
2014,MID,shots_p90,1.39844089428149
2014,FWD,shots_p90,2.30240173905841
2014,OTHER,shots_p90,2.07354854333599
2027,GK,shots_on_target_p90,0.00157657657657658
2027,DEF,shots_on_target_p90,0.130347494212005
2027,MID,shots_on_target_p90,0.365485999292988
2027,FWD,shots_on_target_p90,0.745471466809407
2027,OTHER,shots_on_target_p90,0.731703643887029
2026,GK,shots_on_target_p90,0.000659388966224632
2026,DEF,shots_on_target_p90,0.152503665045262
2026,MID,shots_on_target_p90,0.394237675214709
2026,FWD,shots_on_target_p90,0.836698536897426
2026,OTHER,shots_on_target_p90,0.746744061346349
2025,GK,shots_on_target_p90,0.000997473068227158
2025,DEF,shots_on_target_p90,0.148323857511871
2025,MID,shots_on_target_p90,0.38667233636358
2025,FWD,shots_on_target_p90,0.84503426613921
2025,OTHER,shots_on_target_p90,0.720435330076987
2024,GK,shots_on_target_p90,0.00107166778298727
2024,DEF,shots_on_target_p90,0.15027057170111
2024,MID,shots_on_target_p90,0.393123088977873
2024,FWD,shots_on_target_p90,0.872257852152301
2024,OTHER,shots_on_target_p90,0.761491296878144
2023,GK,shots_on_target_p90,0.00133624024192981
2023,DEF,shots_on_target_p90,0.145911279956371
2023,MID,shots_on_target_p90,0.387640614049247
2023,FWD,shots_on_target_p90,0.860871724800733
2023,OTHER,shots_on_target_p90,0.716685717966024
2022,GK,shots_on_target_p90,0.000696935877109369
2022,DEF,shots_on_target_p90,0.146656211233666
2022,MID,shots_on_target_p90,0.376769984234876
2022,FWD,shots_on_target_p90,0.865238055501223
2022,OTHER,shots_on_target_p90,0.712570299655345
2021,GK,shots_on_target_p90,0.000572901747350329
2021,DEF,shots_on_target_p90,0.136446918745574
2021,MID,shots_on_target_p90,0.382365298346802
2021,FWD,shots_on_target_p90,0.857099195258225
2021,OTHER,shots_on_target_p90,0.689620421871916
2020,GK,shots_on_target_p90,0.000935016362786349
2020,DEF,shots_on_target_p90,0.134394988248904
2020,MID,shots_on_target_p90,0.396465006959717
2020,FWD,shots_on_target_p90,0.884977723104413
2020,OTHER,shots_on_target_p90,0.812977285358959
2019,GK,shots_on_target_p90,0.000413804518745345
2019,DEF,shots_on_target_p90,0.143411922184166
2019,MID,shots_on_target_p90,0.425502766604834
2019,FWD,shots_on_target_p90,0.935167240436271
2019,OTHER,shots_on_target_p90,0.822750835544677
2018,GK,shots_on_target_p90,0.00108117099135063
2018,DEF,shots_on_target_p90,0.134327624578017
2018,MID,shots_on_target_p90,0.44414584011139
2018,FWD,shots_on_target_p90,0.975580283167042
2018,OTHER,shots_on_target_p90,0.823332233360152
2017,GK,shots_on_target_p90,0.00131622244159263
2017,DEF,shots_on_target_p90,0.138158478735685
2017,MID,shots_on_target_p90,0.441097248105987
2017,FWD,shots_on_target_p90,0.968280623818009
2017,OTHER,shots_on_target_p90,0.829256189337028
2016,GK,shots_on_target_p90,0.000927557740469344
2016,DEF,shots_on_target_p90,0.134021527266977
2016,MID,shots_on_target_p90,0.451172380349396
2016,FWD,shots_on_target_p90,0.971978626443689
2016,OTHER,shots_on_target_p90,0.677025449210317
2015,GK,shots_on_target_p90,0.00207586337044725
2015,DEF,shots_on_target_p90,0.136676595361508
2015,MID,shots_on_target_p90,0.437083621189938
2015,FWD,shots_on_target_p90,0.956400967145477
2015,OTHER,shots_on_target_p90,0.746588839767298
2014,GK,shots_on_target_p90,0.0006265664160401
2014,DEF,shots_on_target_p90,0.133465596969144
2014,MID,shots_on_target_p90,0.45192894856112
2014,FWD,shots_on_target_p90,0.893525170297206
2014,OTHER,shots_on_target_p90,0.751366470043077
2027,GK,shots_ibox_p90,0.00405405405405405
2027,DEF,shots_ibox_p90,0.329398338471132
2027,MID,shots_ibox_p90,0.61697428302951
2027,FWD,shots_ibox_p90,1.45438278293003
2027,OTHER,shots_ibox_p90,1.2852240733982
2026,GK,shots_ibox_p90,0.0022712286614404
2026,DEF,shots_ibox_p90,0.381478959890428
2026,MID,shots_ibox_p90,0.632635746351807
2026,FWD,shots_ibox_p90,1.55723747874625
2026,OTHER,shots_ibox_p90,1.38319471965812
2025,GK,shots_ibox_p90,0.00166245511371193
2025,DEF,shots_ibox_p90,0.36846738750292
2025,MID,shots_ibox_p90,0.606322973634011
2025,FWD,shots_ibox_p90,1.56398112675591
2025,OTHER,shots_ibox_p90,1.30354513976194
2024,GK,shots_ibox_p90,0.00241125251172137
2024,DEF,shots_ibox_p90,0.374278555059416
2024,MID,shots_ibox_p90,0.604089681062038
2024,FWD,shots_ibox_p90,1.6129856150897
2024,OTHER,shots_ibox_p90,1.35371622914945
2023,GK,shots_ibox_p90,0.00253182361628807
2023,DEF,shots_ibox_p90,0.362803031257532
2023,MID,shots_ibox_p90,0.586067033031394
2023,FWD,shots_ibox_p90,1.57195579249298
2023,OTHER,shots_ibox_p90,1.29786997717081
2022,GK,shots_ibox_p90,0.00263925545214613
2022,DEF,shots_ibox_p90,0.367725137789382
2022,MID,shots_ibox_p90,0.573469468000073
2022,FWD,shots_ibox_p90,1.57291850752679
2022,OTHER,shots_ibox_p90,1.2927434429898
2021,GK,shots_ibox_p90,0.00157547980521341
2021,DEF,shots_ibox_p90,0.344067025993221
2021,MID,shots_ibox_p90,0.555967444293325
2021,FWD,shots_ibox_p90,1.53545887686109
2021,OTHER,shots_ibox_p90,1.19678295309247
2020,GK,shots_ibox_p90,0.00233754090696587
2020,DEF,shots_ibox_p90,0.341539517364223
2020,MID,shots_ibox_p90,0.576335457698414
2020,FWD,shots_ibox_p90,1.59960504294519
2020,OTHER,shots_ibox_p90,1.39257021374095
2019,GK,shots_ibox_p90,0.0013241744599851
2019,DEF,shots_ibox_p90,0.339340427189856
2019,MID,shots_ibox_p90,0.616921083747728
2019,FWD,shots_ibox_p90,1.67041739201686
2019,OTHER,shots_ibox_p90,1.40357729882956
2018,GK,shots_ibox_p90,0.00249500998003992
2018,DEF,shots_ibox_p90,0.313252061379786
2018,MID,shots_ibox_p90,0.623336494771964
2018,FWD,shots_ibox_p90,1.69195771902565
2018,OTHER,shots_ibox_p90,1.36401512057836
2017,GK,shots_ibox_p90,0.000493583415597236
2017,DEF,shots_ibox_p90,0.0813389952361896
2017,MID,shots_ibox_p90,0.145009283947067
2017,FWD,shots_ibox_p90,0.443112340792541
2017,OTHER,shots_ibox_p90,0.336377712987926
2016,GK,shots_ibox_p90,0.000185511548093869
2016,DEF,shots_ibox_p90,0.0611821714055755
2016,MID,shots_ibox_p90,0.118438522392939
2016,FWD,shots_ibox_p90,0.433628431284938
2016,OTHER,shots_ibox_p90,0.178640243023885
2015,GK,shots_ibox_p90,0.000624210663840783
2015,DEF,shots_ibox_p90,0.077346867374018
2015,MID,shots_ibox_p90,0.13874000248154
2015,FWD,shots_ibox_p90,0.548898050291983
2015,OTHER,shots_ibox_p90,0.279865900580454
2014,GK,shots_ibox_p90,0.00109649122807018
2014,DEF,shots_ibox_p90,0.187212192379686
2014,MID,shots_ibox_p90,0.326498446076511
2014,FWD,shots_ibox_p90,1.0055485083791
2014,OTHER,shots_ibox_p90,0.769304474029554
2027,GK,shots_obox_p90,0
2027,DEF,shots_obox_p90,0.155265475073077
2027,MID,shots_obox_p90,0.55486016172983
2027,FWD,shots_obox_p90,0.541879703174303
2027,OTHER,shots_obox_p90,0.684744635668333
2026,GK,shots_obox_p90,0.00051285808484138
2026,DEF,shots_obox_p90,0.171029462546812
2026,MID,shots_obox_p90,0.600293800305396
2026,FWD,shots_obox_p90,0.59396862091671
2026,OTHER,shots_obox_p90,0.71770815343762
2025,GK,shots_obox_p90,0.000398989227290863
2025,DEF,shots_obox_p90,0.163454877529197
2025,MID,shots_obox_p90,0.590097890629291
2025,FWD,shots_obox_p90,0.605038150583814
2025,OTHER,shots_obox_p90,0.682015473093682
2024,GK,shots_obox_p90,0.000535833891493637
2024,DEF,shots_obox_p90,0.172057769444526
2024,MID,shots_obox_p90,0.62924210420378
2024,FWD,shots_obox_p90,0.627201174474025
2024,OTHER,shots_obox_p90,0.739559945964053
2023,GK,shots_obox_p90,0.000210985301357339
2023,DEF,shots_obox_p90,0.168410399723453
2023,MID,shots_obox_p90,0.627928949521655
2023,FWD,shots_obox_p90,0.623947793076676
2023,OTHER,shots_obox_p90,0.715988801423286
2022,GK,shots_obox_p90,0.000419119513725565
2022,DEF,shots_obox_p90,0.163505140309428
2022,MID,shots_obox_p90,0.630312558633143
2022,FWD,shots_obox_p90,0.645388096635381
2022,OTHER,shots_obox_p90,0.724823929641088
2021,GK,shots_obox_p90,0.000787739902606703
2021,DEF,shots_obox_p90,0.158220314551753
2021,MID,shots_obox_p90,0.635454128924985
2021,FWD,shots_obox_p90,0.639463850615113
2021,OTHER,shots_obox_p90,0.700736230802512
2020,GK,shots_obox_p90,0.000584385226741468
2020,DEF,shots_obox_p90,0.162593166387221
2020,MID,shots_obox_p90,0.682397057539201
2020,FWD,shots_obox_p90,0.665981729500796
2020,OTHER,shots_obox_p90,0.824432659965189
2019,GK,shots_obox_p90,0.000331043614996276
2019,DEF,shots_obox_p90,0.172633160281729
2019,MID,shots_obox_p90,0.711286364108123
2019,FWD,shots_obox_p90,0.708261592939503
2019,OTHER,shots_obox_p90,0.871272151793197
2018,GK,shots_obox_p90,0.000748502994011976
2018,DEF,shots_obox_p90,0.16653772217856
2018,MID,shots_obox_p90,0.71694489981377
2018,FWD,shots_obox_p90,0.700987168451712
2018,OTHER,shots_obox_p90,0.862720248849443
2017,GK,shots_obox_p90,0.000575847318196775
2017,DEF,shots_obox_p90,0.0417777171091327
2017,MID,shots_obox_p90,0.168575394287625
2017,FWD,shots_obox_p90,0.20009091682895
2017,OTHER,shots_obox_p90,0.21560165873203
2016,GK,shots_obox_p90,0
2016,DEF,shots_obox_p90,0.0339435275080024
2016,MID,shots_obox_p90,0.151053550146348
2016,FWD,shots_obox_p90,0.203455671623267
2016,OTHER,shots_obox_p90,0.129770953026862
2015,GK,shots_obox_p90,0
2015,DEF,shots_obox_p90,0.0535741462016538
2015,MID,shots_obox_p90,0.216264788361362
2015,FWD,shots_obox_p90,0.306240974094569
2015,OTHER,shots_obox_p90,0.215284995531258
2014,GK,shots_obox_p90,0
2014,DEF,shots_obox_p90,0.128008750733843
2014,MID,shots_obox_p90,0.524612566616518
2014,FWD,shots_obox_p90,0.569810173221956
2014,OTHER,shots_obox_p90,0.598548334573833
2027,GK,big_chance_scored_p90,0.000900900900900901
2027,DEF,big_chance_scored_p90,0.0237242957778835
2027,MID,big_chance_scored_p90,0.0607026019923703
2027,FWD,big_chance_scored_p90,0.181786607892264
2027,OTHER,big_chance_scored_p90,0.125726170918728
2026,GK,big_chance_scored_p90,0.000439592644149755
2026,DEF,big_chance_scored_p90,0.0256012510891425
2026,MID,big_chance_scored_p90,0.0602327630449082
2026,FWD,big_chance_scored_p90,0.197506846770817
2026,OTHER,big_chance_scored_p90,0.144186754279281
2025,GK,big_chance_scored_p90,0.000265992818193909
2025,DEF,big_chance_scored_p90,0.0244868146163214
2025,MID,big_chance_scored_p90,0.0599133706009516
2025,FWD,big_chance_scored_p90,0.197456097221868
2025,OTHER,big_chance_scored_p90,0.139982981065909
2024,GK,big_chance_scored_p90,0.000535833891493637
2024,DEF,big_chance_scored_p90,0.0229264949580487
2024,MID,big_chance_scored_p90,0.0565192074593916
2024,FWD,big_chance_scored_p90,0.198494303478146
2024,OTHER,big_chance_scored_p90,0.144578872948757
2023,GK,big_chance_scored_p90,0.000773612771643576
2023,DEF,big_chance_scored_p90,0.0209720562631497
2023,MID,big_chance_scored_p90,0.0543870592691881
2023,FWD,big_chance_scored_p90,0.192246595632532
2023,OTHER,big_chance_scored_p90,0.12963231561156
2022,GK,big_chance_scored_p90,0.000208362272537853
2022,DEF,big_chance_scored_p90,0.0210480566260683
2022,MID,big_chance_scored_p90,0.0525269011835267
2022,FWD,big_chance_scored_p90,0.192345026787774
2022,OTHER,big_chance_scored_p90,0.128158166355959
2021,GK,big_chance_scored_p90,0.000286450873675165
2021,DEF,big_chance_scored_p90,0.0188728573309716
2021,MID,big_chance_scored_p90,0.0546112346882293
2021,FWD,big_chance_scored_p90,0.199636203627065
2021,OTHER,big_chance_scored_p90,0.124887528092484
2020,GK,big_chance_scored_p90,0.000116877045348294
2020,DEF,big_chance_scored_p90,0.0206482701611589
2020,MID,big_chance_scored_p90,0.0525813535480606
2020,FWD,big_chance_scored_p90,0.200560125359814
2020,OTHER,big_chance_scored_p90,0.145420187930986
2019,GK,big_chance_scored_p90,0
2019,DEF,big_chance_scored_p90,0.0184408351178286
2019,MID,big_chance_scored_p90,0.0574393719034267
2019,FWD,big_chance_scored_p90,0.202390361232674
2019,OTHER,big_chance_scored_p90,0.141299511684794
2018,GK,big_chance_scored_p90,0.000665335994677312
2018,DEF,big_chance_scored_p90,0.0178441118461007
2018,MID,big_chance_scored_p90,0.0619406750192371
2018,FWD,big_chance_scored_p90,0.22441760414307
2018,OTHER,big_chance_scored_p90,0.139838592740447
2017,GK,big_chance_scored_p90,0.000575847318196775
2017,DEF,big_chance_scored_p90,0.0174529983269151
2017,MID,big_chance_scored_p90,0.0567028006312202
2017,FWD,big_chance_scored_p90,0.208159504698727
2017,OTHER,big_chance_scored_p90,0.138502647923172
2016,GK,big_chance_scored_p90,0.000463778870234672
2016,DEF,big_chance_scored_p90,0.0166830135606274
2016,MID,big_chance_scored_p90,0.0585226599588724
2016,FWD,big_chance_scored_p90,0.205716097496106
2016,OTHER,big_chance_scored_p90,0.113994011118967
2015,GK,big_chance_scored_p90,0.00132100396301189
2015,DEF,big_chance_scored_p90,0.0154738947039322
2015,MID,big_chance_scored_p90,0.0515525817855093
2015,FWD,big_chance_scored_p90,0.193194387686403
2015,OTHER,big_chance_scored_p90,0.118075707500227
2014,GK,big_chance_scored_p90,0.0006265664160401
2014,DEF,big_chance_scored_p90,0.0122477156748406
2014,MID,big_chance_scored_p90,0.0556077610948814
2014,FWD,big_chance_scored_p90,0.167534532376684
2014,OTHER,big_chance_scored_p90,0.104755267367279
2027,GK,big_chance_missed_p90,0
2027,DEF,big_chance_missed_p90,0.0422811567888344
2027,MID,big_chance_missed_p90,0.0939882609222155
2027,FWD,big_chance_missed_p90,0.266530350806444
2027,OTHER,big_chance_missed_p90,0.242554855873855
2026,GK,big_chance_missed_p90,0.000219796322074877
2026,DEF,big_chance_missed_p90,0.0495226468073844
2026,MID,big_chance_missed_p90,0.096579138145793
2026,FWD,big_chance_missed_p90,0.314388229659907
2026,OTHER,big_chance_missed_p90,0.249273409965292
2025,GK,big_chance_missed_p90,0
2025,DEF,big_chance_missed_p90,0.0465035152666853
2025,MID,big_chance_missed_p90,0.0957670023347145
2025,FWD,big_chance_missed_p90,0.311537291749049
2025,OTHER,big_chance_missed_p90,0.235570799005732
2024,GK,big_chance_missed_p90,0.000401875418620228
2024,DEF,big_chance_missed_p90,0.0408342562832437
2024,MID,big_chance_missed_p90,0.0887234383395784
2024,FWD,big_chance_missed_p90,0.297680544962673
2024,OTHER,big_chance_missed_p90,0.233444627116384
2023,GK,big_chance_missed_p90,0
2023,DEF,big_chance_missed_p90,0.0364046216673655
2023,MID,big_chance_missed_p90,0.0772418626564788
2023,FWD,big_chance_missed_p90,0.267375538318056
2023,OTHER,big_chance_missed_p90,0.206485856996919
2022,GK,big_chance_missed_p90,0.000208362272537853
2022,DEF,big_chance_missed_p90,0.0335973338383738
2022,MID,big_chance_missed_p90,0.0720890841659606
2022,FWD,big_chance_missed_p90,0.263489967707318
2022,OTHER,big_chance_missed_p90,0.198352377230044
2021,GK,big_chance_missed_p90,7.16127184187912e-05
2021,DEF,big_chance_missed_p90,0.0308964997227782
2021,MID,big_chance_missed_p90,0.0750962011465663
2021,FWD,big_chance_missed_p90,0.265295365756893
2021,OTHER,big_chance_missed_p90,0.187520355127512
2020,GK,big_chance_missed_p90,0.000584385226741468
2020,DEF,big_chance_missed_p90,0.0361606252635383
2020,MID,big_chance_missed_p90,0.0788945282409995
2020,FWD,big_chance_missed_p90,0.278878567997787
2020,OTHER,big_chance_missed_p90,0.232112413109773
2019,GK,big_chance_missed_p90,0.000413804518745345
2019,DEF,big_chance_missed_p90,0.0335933471761828
2019,MID,big_chance_missed_p90,0.0831754876198747
2019,FWD,big_chance_missed_p90,0.287105553748511
2019,OTHER,big_chance_missed_p90,0.223991200112323
2018,GK,big_chance_missed_p90,0.000332667997338656
2018,DEF,big_chance_missed_p90,0.030411688384117
2018,MID,big_chance_missed_p90,0.0861958348242736
2018,FWD,big_chance_missed_p90,0.286823581656644
2018,OTHER,big_chance_missed_p90,0.225473037067966
2017,GK,big_chance_missed_p90,0.000164527805199079
2017,DEF,big_chance_missed_p90,0.0232241696159837
2017,MID,big_chance_missed_p90,0.0639328735611907
2017,FWD,big_chance_missed_p90,0.223382744808523
2017,OTHER,big_chance_missed_p90,0.169013948117962
2016,GK,big_chance_missed_p90,0.000185511548093869
2016,DEF,big_chance_missed_p90,0.0231268905819996
2016,MID,big_chance_missed_p90,0.0715550561350432
2016,FWD,big_chance_missed_p90,0.258915080713483
2016,OTHER,big_chance_missed_p90,0.150376507528619
2015,GK,big_chance_missed_p90,0
2015,DEF,big_chance_missed_p90,0.020296533165197
2015,MID,big_chance_missed_p90,0.0690388806966813
2015,FWD,big_chance_missed_p90,0.238015899030327
2015,OTHER,big_chance_missed_p90,0.162483101524612
2014,GK,big_chance_missed_p90,0
2014,DEF,big_chance_missed_p90,0.0207994327829654
2014,MID,big_chance_missed_p90,0.0631656830946551
2014,FWD,big_chance_missed_p90,0.241452446753962
2014,OTHER,big_chance_missed_p90,0.138454051511318
2027,GK,assists_p90,0.00450450450450451
2027,DEF,assists_p90,0.0519080454352269
2027,MID,assists_p90,0.107207061619567
2027,FWD,assists_p90,0.136466776816814
2027,OTHER,assists_p90,0.154983067152974
2026,GK,assists_p90,0.00432266100080592
2026,DEF,assists_p90,0.0454156095392258
2026,MID,assists_p90,0.1043120303533
2026,FWD,assists_p90,0.125831366474295
2026,OTHER,assists_p90,0.145596651143112
2025,GK,assists_p90,0.00379156840230103
2025,DEF,assists_p90,0.0457692036013599
2025,MID,assists_p90,0.102213799350369
2025,FWD,assists_p90,0.132808069084877
2025,OTHER,assists_p90,0.138618899890542
2024,GK,assists_p90,0.00227729403884796
2024,DEF,assists_p90,0.04566628331855
2024,MID,assists_p90,0.104344716342122
2024,FWD,assists_p90,0.132989267018582
2024,OTHER,assists_p90,0.149888223802072
2023,GK,assists_p90,0.00365707855686054
2023,DEF,assists_p90,0.0438495651536837
2023,MID,assists_p90,0.100223893612574
2023,FWD,assists_p90,0.12996785833863
2023,OTHER,assists_p90,0.131584592174139
2022,GK,assists_p90,0.00277816363383803
2022,DEF,assists_p90,0.0431158433436842
2022,MID,assists_p90,0.0988330820632807
2022,FWD,assists_p90,0.131063686606253
2022,OTHER,assists_p90,0.14270560325615
2021,GK,assists_p90,0.00247561786923381
2021,DEF,assists_p90,0.0428069750846732
2021,MID,assists_p90,0.0985587281796037
2021,FWD,assists_p90,0.128055628517212
2021,OTHER,assists_p90,0.139033993746723
2020,GK,assists_p90,0.00350631136044881
2020,DEF,assists_p90,0.0475388430729273
2020,MID,assists_p90,0.10331450590407
2020,FWD,assists_p90,0.129983871067713
2020,OTHER,assists_p90,0.148349010079897
2019,GK,assists_p90,0.00157245717123231
2019,DEF,assists_p90,0.0450910931333322
2019,MID,assists_p90,0.104921059276542
2019,FWD,assists_p90,0.131711161697834
2019,OTHER,assists_p90,0.150413184054354
2018,GK,assists_p90,0.00216234198270126
2018,DEF,assists_p90,0.0442124814157817
2018,MID,assists_p90,0.110611822667791
2018,FWD,assists_p90,0.127988455421129
2018,OTHER,assists_p90,0.161477380157094
2017,GK,assists_p90,0.00246791707798618
2017,DEF,assists_p90,0.046265567162833
2017,MID,assists_p90,0.107956160155838
2017,FWD,assists_p90,0.132594725402273
2017,OTHER,assists_p90,0.1594187355703
2016,GK,assists_p90,0.00204062702903256
2016,DEF,assists_p90,0.0424668907078116
2016,MID,assists_p90,0.109142190641014
2016,FWD,assists_p90,0.131391903360186
2016,OTHER,assists_p90,0.132295670509214
2015,GK,assists_p90,0.00174893482426926
2015,DEF,assists_p90,0.039718952449526
2015,MID,assists_p90,0.10587066367436
2015,FWD,assists_p90,0.131638771602985
2015,OTHER,assists_p90,0.132838167444051
2014,GK,assists_p90,0.0018796992481203
2014,DEF,assists_p90,0.0437912013429786
2014,MID,assists_p90,0.106629531621913
2014,FWD,assists_p90,0.128459150778157
2014,OTHER,assists_p90,0.139365385954826
2027,GK,big_chance_created_p90,0.00900900900900901
2027,DEF,big_chance_created_p90,0.0834124590303694
2027,MID,big_chance_created_p90,0.163790505700999
2027,FWD,big_chance_created_p90,0.195676359015707
2027,OTHER,big_chance_created_p90,0.237339493755253
2026,GK,big_chance_created_p90,0.0071067477470877
2026,DEF,big_chance_created_p90,0.085933663504216
2026,MID,big_chance_created_p90,0.183838600740279
2026,FWD,big_chance_created_p90,0.219598966761356
2026,OTHER,big_chance_created_p90,0.249853382159604
2025,GK,big_chance_created_p90,0.00645149658424011
2025,DEF,big_chance_created_p90,0.0858378657134133
2025,MID,big_chance_created_p90,0.178260408709422
2025,FWD,big_chance_created_p90,0.230485467285451
2025,OTHER,big_chance_created_p90,0.244417026445742
2024,GK,big_chance_created_p90,0.0058271935699933
2024,DEF,big_chance_created_p90,0.0797953630351799
2024,MID,big_chance_created_p90,0.166989849669537
2024,FWD,big_chance_created_p90,0.218725229630493
2024,OTHER,big_chance_created_p90,0.252383143293811
2023,GK,big_chance_created_p90,0.00590758843800549
2023,DEF,big_chance_created_p90,0.0692877049909392
2023,MID,big_chance_created_p90,0.154236635590811
2023,FWD,big_chance_created_p90,0.199724661900404
2023,OTHER,big_chance_created_p90,0.208750160869815
2022,GK,big_chance_created_p90,0.00447562616522093
2022,DEF,big_chance_created_p90,0.0667567534076893
2022,MID,big_chance_created_p90,0.146111071854841
2022,FWD,big_chance_created_p90,0.194621988013777
2022,OTHER,big_chance_created_p90,0.218189276871642
2021,GK,big_chance_created_p90,0.00373901020205804
2021,DEF,big_chance_created_p90,0.0680132795007939
2021,MID,big_chance_created_p90,0.145773443672311
2021,FWD,big_chance_created_p90,0.193199440404894
2021,OTHER,big_chance_created_p90,0.205961919211763
2020,GK,big_chance_created_p90,0.00569775596072931
2020,DEF,big_chance_created_p90,0.0722106385417203
2020,MID,big_chance_created_p90,0.156207262893797
2020,FWD,big_chance_created_p90,0.205361158996888
2020,OTHER,big_chance_created_p90,0.234391736249597
2019,GK,big_chance_created_p90,0.00289663163121741
2019,DEF,big_chance_created_p90,0.0659397456838794
2019,MID,big_chance_created_p90,0.153761880767536
2019,FWD,big_chance_created_p90,0.198824256654817
2019,OTHER,big_chance_created_p90,0.22658618187552
2018,GK,big_chance_created_p90,0.00316034597471723
2018,DEF,big_chance_created_p90,0.0633835142161689
2018,MID,big_chance_created_p90,0.156428102959868
2018,FWD,big_chance_created_p90,0.191057690691114
2018,OTHER,big_chance_created_p90,0.220112064257873
2017,GK,big_chance_created_p90,0.00294093451793353
2017,DEF,big_chance_created_p90,0.0510568071674993
2017,MID,big_chance_created_p90,0.125493682222488
2017,FWD,big_chance_created_p90,0.157181521256849
2017,OTHER,big_chance_created_p90,0.196024676925716
2016,GK,big_chance_created_p90,0.00333920786568964
2016,DEF,big_chance_created_p90,0.0541502849112522
2016,MID,big_chance_created_p90,0.138473367058429
2016,FWD,big_chance_created_p90,0.173709234720892
2016,OTHER,big_chance_created_p90,0.170197286655671
2015,GK,big_chance_created_p90,0.00202868465748254
2015,DEF,big_chance_created_p90,0.0490665680617145
2015,MID,big_chance_created_p90,0.127321183266958
2015,FWD,big_chance_created_p90,0.171016875238081
2015,OTHER,big_chance_created_p90,0.177541732904946
2014,GK,big_chance_created_p90,0.00558577294299579
2014,DEF,big_chance_created_p90,0.0560687571252573
2014,MID,big_chance_created_p90,0.130809207406005
2014,FWD,big_chance_created_p90,0.170946770241172
2014,OTHER,big_chance_created_p90,0.146900845284149
2027,GK,total_att_assist_p90,0.0324324324324324
2027,DEF,total_att_assist_p90,0.487966527811705
2027,MID,total_att_assist_p90,1.06408328106566
2027,FWD,total_att_assist_p90,1.06091410017037
2027,OTHER,total_att_assist_p90,1.34466313340967
2026,GK,total_att_assist_p90,0.0323949910883931
2026,DEF,total_att_assist_p90,0.503031246229215
2026,MID,total_att_assist_p90,1.10388043735626
2026,FWD,total_att_assist_p90,1.15045202493647
2026,OTHER,total_att_assist_p90,1.37014283640234
2025,GK,total_att_assist_p90,0.0274707416284646
2025,DEF,total_att_assist_p90,0.48494301884547
2025,MID,total_att_assist_p90,1.09632157685129
2025,FWD,total_att_assist_p90,1.16950823296261
2025,OTHER,total_att_assist_p90,1.31573899901133
2024,GK,total_att_assist_p90,0.0278516037742248
2024,DEF,total_att_assist_p90,0.50241991116805
2024,MID,total_att_assist_p90,1.13199939676767
2024,FWD,total_att_assist_p90,1.20354241620702
2024,OTHER,total_att_assist_p90,1.38273293140553
2023,GK,total_att_assist_p90,0.0264904932308731
2023,DEF,total_att_assist_p90,0.472361901312857
2023,MID,total_att_assist_p90,1.10546166792879
2023,FWD,total_att_assist_p90,1.17763224569909
2023,OTHER,total_att_assist_p90,1.33698410496749
2022,GK,total_att_assist_p90,0.0247893398962379
2022,DEF,total_att_assist_p90,0.470234381994964
2022,MID,total_att_assist_p90,1.09588938306366
2022,FWD,total_att_assist_p90,1.18209277488389
2022,OTHER,total_att_assist_p90,1.34125488187807
2021,GK,total_att_assist_p90,0.0217215359442839
2021,DEF,total_att_assist_p90,0.462173073250591
2021,MID,total_att_assist_p90,1.06690443756218
2021,FWD,total_att_assist_p90,1.15968984050674
2021,OTHER,total_att_assist_p90,1.26293133716576
2020,GK,total_att_assist_p90,0.0258006077606358
2020,DEF,total_att_assist_p90,0.488189977692316
2020,MID,total_att_assist_p90,1.12419680981439
2020,FWD,total_att_assist_p90,1.2021782470745
2020,OTHER,total_att_assist_p90,1.38770329758481
2019,GK,total_att_assist_p90,0.0261869292946012
2019,DEF,total_att_assist_p90,0.475166749101054
2019,MID,total_att_assist_p90,1.13082001919192
2019,FWD,total_att_assist_p90,1.1795883179722
2019,OTHER,total_att_assist_p90,1.42080143986787
2018,GK,total_att_assist_p90,0.0280589448056802
2018,DEF,total_att_assist_p90,0.446130409703786
2018,MID,total_att_assist_p90,1.12225961779706
2018,FWD,total_att_assist_p90,1.14082168888401
2018,OTHER,total_att_assist_p90,1.4094921833947
2017,GK,total_att_assist_p90,0.0259859012326929
2017,DEF,total_att_assist_p90,0.450672032922544
2017,MID,total_att_assist_p90,1.11934835460937
2017,FWD,total_att_assist_p90,1.14829989146052
2017,OTHER,total_att_assist_p90,1.4155863112386
2016,GK,total_att_assist_p90,0.0302826521405503
2016,DEF,total_att_assist_p90,0.443203064704525
2016,MID,total_att_assist_p90,1.14275488298247
2016,FWD,total_att_assist_p90,1.16664844679124
2016,OTHER,total_att_assist_p90,1.19212721654786
2015,GK,total_att_assist_p90,0.0304228457766894
2015,DEF,total_att_assist_p90,0.438631035756864
2015,MID,total_att_assist_p90,1.17685643683487
2015,FWD,total_att_assist_p90,1.19777166089084
2015,OTHER,total_att_assist_p90,1.30383960600283
2014,GK,total_att_assist_p90,0.0373840185570309
2014,DEF,total_att_assist_p90,0.454016411086976
2014,MID,total_att_assist_p90,1.22130826589279
2014,FWD,total_att_assist_p90,1.25397284819225
2014,OTHER,total_att_assist_p90,1.28099395993665
2027,GK,key_passes_p90,0.0250529941706412
2027,DEF,key_passes_p90,1.03424100701877
2027,MID,key_passes_p90,1.38176747816948
2027,FWD,key_passes_p90,1.26839081114925
2027,OTHER,key_passes_p90,1.63867947212486
2026,GK,key_passes_p90,0.0325150238827467
2026,DEF,key_passes_p90,1.2350134600548
2026,MID,key_passes_p90,1.68622697354392
2026,FWD,key_passes_p90,1.49791745638567
2026,OTHER,key_passes_p90,2.00030463020638
2025,GK,key_passes_p90,0.0336167267412853
2025,DEF,key_passes_p90,1.28158638726605
2025,MID,key_passes_p90,1.7541830275467
2025,FWD,key_passes_p90,1.58421346578697
2025,OTHER,key_passes_p90,1.9570050310399
2024,GK,key_passes_p90,0.0331286719604584
2024,DEF,key_passes_p90,1.36920492408915
2024,MID,key_passes_p90,1.84989043563187
2024,FWD,key_passes_p90,1.69961793530038
2024,OTHER,key_passes_p90,2.114889947081
2023,GK,key_passes_p90,0.0327175282453033
2023,DEF,key_passes_p90,1.36792602826414
2023,MID,key_passes_p90,1.90118867024248
2023,FWD,key_passes_p90,1.66715929989659
2023,OTHER,key_passes_p90,2.12128831199504
2022,GK,key_passes_p90,0.0315156056039673
2022,DEF,key_passes_p90,1.25215788343657
2022,MID,key_passes_p90,1.80865492824253
2022,FWD,key_passes_p90,1.56797045797934
2022,OTHER,key_passes_p90,1.96412603923843
2021,GK,key_passes_p90,0.030310887708039
2021,DEF,key_passes_p90,1.29334957199386
2021,MID,key_passes_p90,1.82829620587699
2021,FWD,key_passes_p90,1.62939320439331
2021,OTHER,key_passes_p90,1.93919183975927
2020,GK,key_passes_p90,0.0285532331943317
2020,DEF,key_passes_p90,1.20926929326156
2020,MID,key_passes_p90,1.69875379399015
2020,FWD,key_passes_p90,1.4730095670803
2020,OTHER,key_passes_p90,1.86315529748024
2019,GK,key_passes_p90,0.0295999511631026
2019,DEF,key_passes_p90,1.29400435064858
2019,MID,key_passes_p90,1.82629548125229
2019,FWD,key_passes_p90,1.50837125718153
2019,OTHER,key_passes_p90,1.97256224896191
2018,GK,key_passes_p90,0.0281033926840058
2018,DEF,key_passes_p90,1.30977249886098
2018,MID,key_passes_p90,1.84154863772459
2018,FWD,key_passes_p90,1.46828203777925
2018,OTHER,key_passes_p90,2.07671853101825
2017,GK,key_passes_p90,0.0277170850304787
2017,DEF,key_passes_p90,1.23357585046468
2017,MID,key_passes_p90,1.85697504615048
2017,FWD,key_passes_p90,1.46881080794574
2017,OTHER,key_passes_p90,1.91229947242633
2016,GK,key_passes_p90,0.0310759121275458
2016,DEF,key_passes_p90,1.4323934644193
2016,MID,key_passes_p90,2.12325967025135
2016,FWD,key_passes_p90,1.60834867093634
2016,OTHER,key_passes_p90,1.85864391983439
2015,GK,key_passes_p90,0.0306721373605823
2015,DEF,key_passes_p90,1.45701568660341
2015,MID,key_passes_p90,2.21030970075189
2015,FWD,key_passes_p90,1.63380400458069
2015,OTHER,key_passes_p90,1.91157003539336
2014,GK,key_passes_p90,0.0332080200501253
2014,DEF,key_passes_p90,1.24615452606543
2014,MID,key_passes_p90,1.8543971087466
2014,FWD,key_passes_p90,1.47064062893305
2014,OTHER,key_passes_p90,1.5656981240921
2027,GK,through_balls_p90,0.00540540540540541
2027,DEF,through_balls_p90,0.0391470247807671
2027,MID,through_balls_p90,0.141575500974704
2027,FWD,through_balls_p90,0.104110868203343
2027,OTHER,through_balls_p90,0.10266608576982
2026,GK,through_balls_p90,0.00329694483112316
2026,DEF,through_balls_p90,0.0463461349314165
2026,MID,through_balls_p90,0.154468211355721
2026,FWD,through_balls_p90,0.130983349455774
2026,OTHER,through_balls_p90,0.145786353537672
2025,GK,through_balls_p90,0.00230442673694417
2025,DEF,through_balls_p90,0.0453818652330915
2025,MID,through_balls_p90,0.167219711531933
2025,FWD,through_balls_p90,0.146312868418498
2025,OTHER,through_balls_p90,0.145630465737494
2024,GK,through_balls_p90,0.0028801071667783
2024,DEF,through_balls_p90,0.0431936934988028
2024,MID,through_balls_p90,0.160455479864993
2024,FWD,through_balls_p90,0.138007369899282
2024,OTHER,through_balls_p90,0.145164119696583
2023,GK,through_balls_p90,0.00211578432726616
2023,DEF,through_balls_p90,0.0433342094693403
2023,MID,through_balls_p90,0.158197318432265
2023,FWD,through_balls_p90,0.135062354732502
2023,OTHER,through_balls_p90,0.145162069135647
2022,GK,through_balls_p90,0.0019975854948643
2022,DEF,through_balls_p90,0.0366578051347951
2022,MID,through_balls_p90,0.139949970029002
2022,FWD,through_balls_p90,0.132415239590519
2022,OTHER,through_balls_p90,0.137769207736526
2021,GK,through_balls_p90,0.000716127184187912
2021,DEF,through_balls_p90,0.0185315331118197
2021,MID,through_balls_p90,0.0874965408948092
2021,FWD,through_balls_p90,0.0842580325551343
2021,OTHER,through_balls_p90,0.083023173745586
2020,GK,through_balls_p90,0.00151940158952782
2020,DEF,through_balls_p90,0.0263774600641949
2020,MID,through_balls_p90,0.119133386346039
2020,FWD,through_balls_p90,0.11295585083069
2020,OTHER,through_balls_p90,0.121473715027938
2019,GK,through_balls_p90,0.000662087229992552
2019,DEF,through_balls_p90,0.0263059318549855
2019,MID,through_balls_p90,0.127558590163344
2019,FWD,through_balls_p90,0.123212382886466
2019,OTHER,through_balls_p90,0.13247298836936
2018,GK,through_balls_p90,0.000249500998003992
2018,DEF,through_balls_p90,0.0275840486030396
2018,MID,through_balls_p90,0.146008695375237
2018,FWD,through_balls_p90,0.136233313224986
2018,OTHER,through_balls_p90,0.148193638929746
2017,GK,through_balls_p90,0.000411319512997697
2017,DEF,through_balls_p90,0.0207851218086729
2017,MID,through_balls_p90,0.115338517200143
2017,FWD,through_balls_p90,0.10732683372369
2017,OTHER,through_balls_p90,0.11832737965888
2016,GK,through_balls_p90,0.000278267322140803
2016,DEF,through_balls_p90,0.0232198565039606
2016,MID,through_balls_p90,0.137358815125514
2016,FWD,through_balls_p90,0.13087652798825
2016,OTHER,through_balls_p90,0.104159849598728
2015,GK,through_balls_p90,0
2015,DEF,through_balls_p90,0.0210922281658532
2015,MID,through_balls_p90,0.132637052084898
2015,FWD,through_balls_p90,0.134423369535779
2015,OTHER,through_balls_p90,0.107092176306103
2014,GK,through_balls_p90,0
2014,DEF,through_balls_p90,0.0319880942698007
2014,MID,through_balls_p90,0.22060215146973
2014,FWD,through_balls_p90,0.180862174474359
2014,OTHER,through_balls_p90,0.153989140582632
2027,GK,passes_p90,27.8170958443133
2027,DEF,passes_p90,42.4546412697629
2027,MID,passes_p90,34.5558286340177
2027,FWD,passes_p90,19.206649014968
2027,OTHER,passes_p90,34.6996800289166
2026,GK,passes_p90,30.2716850819046
2026,DEF,passes_p90,46.4160516595076
2026,MID,passes_p90,39.0888150895055
2026,FWD,passes_p90,22.8388211259871
2026,OTHER,passes_p90,38.5986793394813
2025,GK,passes_p90,28.8717981970281
2025,DEF,passes_p90,46.810567361887
2025,MID,passes_p90,39.9873846808034
2025,FWD,passes_p90,23.4284469949253
2025,OTHER,passes_p90,37.7493186457228
2024,GK,passes_p90,29.3677215347126
2024,DEF,passes_p90,47.8285480199073
2024,MID,passes_p90,41.2190002069703
2024,FWD,passes_p90,24.1115180669039
2024,OTHER,passes_p90,39.4613937934042
2023,GK,passes_p90,28.2257401980195
2023,DEF,passes_p90,46.5435731505511
2023,MID,passes_p90,40.526093773229
2023,FWD,passes_p90,24.3382467935545
2023,OTHER,passes_p90,39.2801921244903
2022,GK,passes_p90,27.9519979464407
2022,DEF,passes_p90,46.310882079125
2022,MID,passes_p90,40.7077927676976
2022,FWD,passes_p90,24.5604926950602
2022,OTHER,passes_p90,38.4950918965097
2021,GK,passes_p90,27.9498271803569
2021,DEF,passes_p90,46.7475984483664
2021,MID,passes_p90,41.9511041831268
2021,FWD,passes_p90,25.3721651986189
2021,OTHER,passes_p90,38.2222492158987
2020,GK,passes_p90,27.6603616047808
2020,DEF,passes_p90,45.6790500214795
2020,MID,passes_p90,41.7181977501679
2020,FWD,passes_p90,25.2113798272595
2020,OTHER,passes_p90,38.7360496951994
2019,GK,passes_p90,25.6622686917979
2019,DEF,passes_p90,41.8867149029474
2019,MID,passes_p90,40.1283270312103
2019,FWD,passes_p90,24.5618847906499
2019,OTHER,passes_p90,37.3558664962873
2018,GK,passes_p90,25.8880774941567
2018,DEF,passes_p90,41.2095736694109
2018,MID,passes_p90,40.0711282785669
2018,FWD,passes_p90,24.2259808411782
2018,OTHER,passes_p90,38.6433091989141
2017,GK,passes_p90,26.4601123606402
2017,DEF,passes_p90,40.1159598485989
2017,MID,passes_p90,40.7206102915295
2017,FWD,passes_p90,25.0598657127884
2017,OTHER,passes_p90,38.8235370201498
2016,GK,passes_p90,25.3886392045373
2016,DEF,passes_p90,39.6737632955071
2016,MID,passes_p90,40.8070692982151
2016,FWD,passes_p90,25.5830901523747
2016,OTHER,passes_p90,36.3805157766161
2015,GK,passes_p90,24.5339939668527
2015,DEF,passes_p90,38.0637033275359
2015,MID,passes_p90,41.6564801407731
2015,FWD,passes_p90,25.8123495026572
2015,OTHER,passes_p90,36.9866430805715
2014,GK,passes_p90,24.565338478811
2014,DEF,passes_p90,38.0797650633001
2014,MID,passes_p90,44.2275514807727
2014,FWD,passes_p90,27.9672906905771
2014,OTHER,passes_p90,38.3624274624436
2027,GK,passes_accurate_p90,19.173490561402
2027,DEF,passes_accurate_p90,36.8410486825356
2027,MID,passes_accurate_p90,29.3042915994585
2027,FWD,passes_accurate_p90,14.9183362249132
2027,OTHER,passes_accurate_p90,28.6791768951113
2026,GK,passes_accurate_p90,20.2597426339854
2026,DEF,passes_accurate_p90,39.5134576104957
2026,MID,passes_accurate_p90,32.5776808637655
2026,FWD,passes_accurate_p90,17.4638361636543
2026,OTHER,passes_accurate_p90,31.1767111303995
2025,GK,passes_accurate_p90,19.622974213857
2025,DEF,passes_accurate_p90,39.6920107851204
2025,MID,passes_accurate_p90,33.2949587276986
2025,FWD,passes_accurate_p90,17.9387715976392
2025,OTHER,passes_accurate_p90,30.4571960232202
2024,GK,passes_accurate_p90,19.9791416885942
2024,DEF,passes_accurate_p90,39.9017018042262
2024,MID,passes_accurate_p90,34.1272961666755
2024,FWD,passes_accurate_p90,18.3257706407012
2024,OTHER,passes_accurate_p90,31.5254353878124
2023,GK,passes_accurate_p90,18.732219888616
2023,DEF,passes_accurate_p90,38.2275646598905
2023,MID,passes_accurate_p90,33.143368978767
2023,FWD,passes_accurate_p90,18.2417070058706
2023,OTHER,passes_accurate_p90,31.076913546903
2022,GK,passes_accurate_p90,18.3009881096758
2022,DEF,passes_accurate_p90,37.6925303397959
2022,MID,passes_accurate_p90,33.0424772027161
2022,FWD,passes_accurate_p90,18.3214549237627
2022,OTHER,passes_accurate_p90,30.2318573121185
2021,GK,passes_accurate_p90,18.2563589350985
2021,DEF,passes_accurate_p90,38.1946656773362
2021,MID,passes_accurate_p90,34.2830884368752
2021,FWD,passes_accurate_p90,19.0208832031833
2021,OTHER,passes_accurate_p90,30.2552970767221
2020,GK,passes_accurate_p90,17.4422190741394
2020,DEF,passes_accurate_p90,37.1184232724407
2020,MID,passes_accurate_p90,34.037610362193
2020,FWD,passes_accurate_p90,18.8225550814687
2020,OTHER,passes_accurate_p90,30.6087766664251
2019,GK,passes_accurate_p90,15.6045975042529
2019,DEF,passes_accurate_p90,33.9711800032403
2019,MID,passes_accurate_p90,32.6996742589402
2019,FWD,passes_accurate_p90,18.2636487045895
2019,OTHER,passes_accurate_p90,29.3950029716641
2018,GK,passes_accurate_p90,15.1424195613949
2018,DEF,passes_accurate_p90,33.2732518010172
2018,MID,passes_accurate_p90,32.4942094870331
2018,FWD,passes_accurate_p90,17.916662493184
2018,OTHER,passes_accurate_p90,30.3973823168124
2017,GK,passes_accurate_p90,15.034561969262
2017,DEF,passes_accurate_p90,31.9060571450955
2017,MID,passes_accurate_p90,32.8307083649432
2017,FWD,passes_accurate_p90,18.4039177563249
2017,OTHER,passes_accurate_p90,30.3655280216214
2016,GK,passes_accurate_p90,14.0177677701191
2016,DEF,passes_accurate_p90,31.2076023914622
2016,MID,passes_accurate_p90,32.8003826610378
2016,FWD,passes_accurate_p90,18.7738291528588
2016,OTHER,passes_accurate_p90,28.5263055112242
2015,GK,passes_accurate_p90,13.5189763000872
2015,DEF,passes_accurate_p90,29.6606821251371
2015,MID,passes_accurate_p90,33.4842095385988
2015,FWD,passes_accurate_p90,19.0732650543904
2015,OTHER,passes_accurate_p90,29.0630266667624
2014,GK,passes_accurate_p90,13.4359197167351
2014,DEF,passes_accurate_p90,30.2953865378093
2014,MID,passes_accurate_p90,36.0123293105157
2014,FWD,passes_accurate_p90,21.1080740794389
2014,OTHER,passes_accurate_p90,29.9285160456596
2027,GK,final_third_passes_p90,4.36715983904351
2027,DEF,final_third_passes_p90,8.19331888201155
2027,MID,final_third_passes_p90,11.240992188747
2027,FWD,final_third_passes_p90,8.77579919712126
2027,OTHER,final_third_passes_p90,12.855183304161
2026,GK,final_third_passes_p90,4.86867808455683
2026,DEF,final_third_passes_p90,8.93504163867339
2026,MID,final_third_passes_p90,12.6384106258151
2026,FWD,final_third_passes_p90,10.3142898136345
2026,OTHER,final_third_passes_p90,14.568367375586
2025,GK,final_third_passes_p90,4.21766355238533
2025,DEF,final_third_passes_p90,8.81039984396069
2025,MID,final_third_passes_p90,12.788147388843
2025,FWD,final_third_passes_p90,10.6180499674498
2025,OTHER,final_third_passes_p90,14.1450041186313
2024,GK,final_third_passes_p90,4.16542523501705
2024,DEF,final_third_passes_p90,8.90443799346839
2024,MID,final_third_passes_p90,13.0551301493136
2024,FWD,final_third_passes_p90,10.9804527383294
2024,OTHER,final_third_passes_p90,14.6232300162807
2023,GK,final_third_passes_p90,4.23805077293808
2023,DEF,final_third_passes_p90,8.74110843626567
2023,MID,final_third_passes_p90,12.9839718223769
2023,FWD,final_third_passes_p90,11.1501335347957
2023,OTHER,final_third_passes_p90,14.6625854985404
2022,GK,final_third_passes_p90,3.99828754859732
2022,DEF,final_third_passes_p90,8.70163658387877
2022,MID,final_third_passes_p90,12.9772017655198
2022,FWD,final_third_passes_p90,11.2675420210679
2022,OTHER,final_third_passes_p90,14.4989477967022
2021,GK,final_third_passes_p90,3.99918390307423
2021,DEF,final_third_passes_p90,8.80379497764405
2021,MID,final_third_passes_p90,13.2482599023033
2021,FWD,final_third_passes_p90,11.5149543795639
2021,OTHER,final_third_passes_p90,14.3277353622574
2020,GK,final_third_passes_p90,4.13999115407754
2020,DEF,final_third_passes_p90,8.63194207534411
2020,MID,final_third_passes_p90,13.1352148710061
2020,FWD,final_third_passes_p90,11.540445546278
2020,OTHER,final_third_passes_p90,14.9441812481322
2019,GK,final_third_passes_p90,3.96245461008283
2019,DEF,final_third_passes_p90,8.2972014912326
2019,MID,final_third_passes_p90,13.1273270757809
2019,FWD,final_third_passes_p90,11.4847474919889
2019,OTHER,final_third_passes_p90,14.9312674392952
2018,GK,final_third_passes_p90,4.39838876786283
2018,DEF,final_third_passes_p90,8.32469817025952
2018,MID,final_third_passes_p90,13.2884375216562
2018,FWD,final_third_passes_p90,11.3456386155788
2018,OTHER,final_third_passes_p90,15.3828084139124
2017,GK,final_third_passes_p90,4.80022928139287
2017,DEF,final_third_passes_p90,8.33670240550295
2017,MID,final_third_passes_p90,13.3545999043362
2017,FWD,final_third_passes_p90,11.724873244608
2017,OTHER,final_third_passes_p90,15.5067219479592
2016,GK,final_third_passes_p90,4.80536690951959
2016,DEF,final_third_passes_p90,8.32495230934569
2016,MID,final_third_passes_p90,13.5463029206946
2016,FWD,final_third_passes_p90,11.8880160146637
2016,OTHER,final_third_passes_p90,13.3742675373233
2015,GK,final_third_passes_p90,4.64327409909489
2015,DEF,final_third_passes_p90,8.00509884816581
2015,MID,final_third_passes_p90,13.6768700425027
2015,FWD,final_third_passes_p90,11.9972012089714
2015,OTHER,final_third_passes_p90,13.9658789908461
2014,GK,final_third_passes_p90,5.01239958826903
2014,DEF,final_third_passes_p90,7.93214229195686
2014,MID,final_third_passes_p90,13.9607538159343
2014,FWD,final_third_passes_p90,12.3653718708545
2014,OTHER,final_third_passes_p90,14.7637947551874
2027,GK,long_balls_p90,13.3246717561622
2027,DEF,long_balls_p90,4.51707850998984
2027,MID,long_balls_p90,2.74571621749852
2027,FWD,long_balls_p90,1.04749669349001
2027,OTHER,long_balls_p90,2.49588590979001
2026,GK,long_balls_p90,15.6032340598206
2026,DEF,long_balls_p90,5.30522470362679
2026,MID,long_balls_p90,3.22968279768939
2026,FWD,long_balls_p90,1.22961911865613
2026,OTHER,long_balls_p90,2.97726845962135
2025,GK,long_balls_p90,14.6006739449748
2025,DEF,long_balls_p90,5.50103409792251
2025,MID,long_balls_p90,3.36726955041689
2025,FWD,long_balls_p90,1.25867996446493
2025,OTHER,long_balls_p90,2.9965115617154
2024,GK,long_balls_p90,15.0124310789862
2024,DEF,long_balls_p90,6.05900616037524
2024,MID,long_balls_p90,3.66681592590534
2024,FWD,long_balls_p90,1.32266968212728
2024,OTHER,long_balls_p90,3.30216621288235
2023,GK,long_balls_p90,15.3886643583259
2023,DEF,long_balls_p90,6.17307683291287
2023,MID,long_balls_p90,3.73460676072214
2023,FWD,long_balls_p90,1.33070205119713
2023,OTHER,long_balls_p90,3.3316863877732
2022,GK,long_balls_p90,15.6924577989372
2022,DEF,long_balls_p90,6.45809681484126
2022,MID,long_balls_p90,3.88087860603364
2022,FWD,long_balls_p90,1.37493027689813
2022,OTHER,long_balls_p90,3.33281719327295
2021,GK,long_balls_p90,15.8623563713989
2021,DEF,long_balls_p90,6.61033768958933
2021,MID,long_balls_p90,4.05895273215078
2021,FWD,long_balls_p90,1.43245102647305
2021,OTHER,long_balls_p90,3.31626859134473
2020,GK,long_balls_p90,16.7963259873992
2020,DEF,long_balls_p90,6.58295145497001
2020,MID,long_balls_p90,4.06633091442784
2020,FWD,long_balls_p90,1.44337928914045
2020,OTHER,long_balls_p90,3.25680776594916
2019,GK,long_balls_p90,16.9987006189025
2019,DEF,long_balls_p90,6.10726374854747
2019,MID,long_balls_p90,3.79145674115723
2019,FWD,long_balls_p90,1.32915987365569
2019,OTHER,long_balls_p90,3.080504022951
2018,GK,long_balls_p90,17.9670657505944
2018,DEF,long_balls_p90,6.28888064515918
2018,MID,long_balls_p90,3.84648132053332
2018,FWD,long_balls_p90,1.26027585118245
2018,OTHER,long_balls_p90,3.17962383194804
2017,GK,long_balls_p90,18.7537416024616
2017,DEF,long_balls_p90,6.48776913682448
2017,MID,long_balls_p90,4.03359112508687
2017,FWD,long_balls_p90,1.30404444293452
2017,OTHER,long_balls_p90,3.31994961875454
2016,GK,long_balls_p90,18.5468263097355
2016,DEF,long_balls_p90,6.54725371130833
2016,MID,long_balls_p90,4.00364698862421
2016,FWD,long_balls_p90,1.26173165863824
2016,OTHER,long_balls_p90,3.57544859839902
2015,GK,long_balls_p90,18.0252941590368
2015,DEF,long_balls_p90,6.52029764640448
2015,MID,long_balls_p90,4.12893802813885
2015,FWD,long_balls_p90,1.34212688087766
2015,OTHER,long_balls_p90,3.51675252493151
2014,GK,long_balls_p90,17.878457370082
2014,DEF,long_balls_p90,5.53553277101479
2014,MID,long_balls_p90,4.48570163407307
2014,FWD,long_balls_p90,1.51940801393851
2014,OTHER,long_balls_p90,3.92805337210483
2027,GK,crosses_p90,0
2027,DEF,crosses_p90,1.11774450768723
2027,MID,crosses_p90,1.67552800694072
2027,FWD,crosses_p90,1.52935531651991
2027,OTHER,crosses_p90,2.36538198329158
2026,GK,crosses_p90,0.00102571616968276
2026,DEF,crosses_p90,1.21441264313949
2026,MID,crosses_p90,2.01002047311247
2026,FWD,crosses_p90,1.81157385831606
2026,OTHER,crosses_p90,2.67455879167808
2025,GK,crosses_p90,0.000265992818193909
2025,DEF,crosses_p90,1.22996128273877
2025,MID,crosses_p90,1.97660579123704
2025,FWD,crosses_p90,1.84298318411129
2025,OTHER,crosses_p90,2.50202202943475
2024,GK,crosses_p90,0.000535833891493637
2024,DEF,crosses_p90,1.25346914491354
2024,MID,crosses_p90,2.02145385843919
2024,FWD,crosses_p90,1.84655345379351
2024,OTHER,crosses_p90,2.60747700331861
2023,GK,crosses_p90,0.000210985301357339
2023,DEF,crosses_p90,1.23434692872332
2023,MID,crosses_p90,2.0778851407022
2023,FWD,crosses_p90,1.79209430286817
2023,OTHER,crosses_p90,2.56400535411409
2022,GK,crosses_p90,0.000208362272537853
2022,DEF,crosses_p90,1.26119086318457
2022,MID,crosses_p90,2.08342321019931
2022,FWD,crosses_p90,1.78312985353784
2022,OTHER,crosses_p90,2.47855502150138
2021,GK,crosses_p90,7.16127184187912e-05
2021,DEF,crosses_p90,1.33502978106675
2021,MID,crosses_p90,2.09612890943042
2021,FWD,crosses_p90,1.82026865699968
2021,OTHER,crosses_p90,2.48975689120755
2020,GK,crosses_p90,0.000233754090696587
2020,DEF,crosses_p90,1.38558863265135
2020,MID,crosses_p90,2.15149124344832
2020,FWD,crosses_p90,1.84476152670889
2020,OTHER,crosses_p90,2.63024723590947
2019,GK,crosses_p90,0.00229507540949491
2019,DEF,crosses_p90,1.32026121742142
2019,MID,crosses_p90,2.10522101706693
2019,FWD,crosses_p90,1.6237315429381
2019,OTHER,crosses_p90,2.51900114977869
2018,GK,crosses_p90,0.00133067198935462
2018,DEF,crosses_p90,1.33298563251267
2018,MID,crosses_p90,2.2010265709635
2018,FWD,crosses_p90,1.48274448378722
2018,OTHER,crosses_p90,2.63353947958994
2017,GK,crosses_p90,0.00164527805199079
2017,DEF,crosses_p90,1.37651179586348
2017,MID,crosses_p90,2.21396672314904
2017,FWD,crosses_p90,1.67780302048093
2017,OTHER,crosses_p90,2.80840280560992
2016,GK,crosses_p90,0.00344946472917939
2016,DEF,crosses_p90,1.387535239862
2016,MID,crosses_p90,2.29825803541363
2016,FWD,crosses_p90,1.62035411825463
2016,OTHER,crosses_p90,2.38678474323852
2015,GK,crosses_p90,0.000188714851858841
2015,DEF,crosses_p90,1.44306895062309
2015,MID,crosses_p90,2.46102178027476
2015,FWD,crosses_p90,1.97388656336955
2015,OTHER,crosses_p90,2.76353816711053
2014,GK,crosses_p90,0.0006265664160401
2014,DEF,crosses_p90,1.48216909737803
2014,MID,crosses_p90,2.25602325986763
2014,FWD,crosses_p90,2.41176765582073
2014,OTHER,crosses_p90,2.81778219625121
2027,GK,forward_pass_p90,16.0670460067155
2027,DEF,forward_pass_p90,14.9320721810304
2027,MID,forward_pass_p90,9.55658950671406
2027,FWD,forward_pass_p90,4.42970184559471
2027,OTHER,forward_pass_p90,9.90374356502017
2026,GK,forward_pass_p90,18.4671343393306
2026,DEF,forward_pass_p90,17.0050874842435
2026,MID,forward_pass_p90,11.4090200827798
2026,FWD,forward_pass_p90,5.42286508174871
2026,OTHER,forward_pass_p90,11.406141232067
2025,GK,forward_pass_p90,17.3222957237295
2025,DEF,forward_pass_p90,17.3521082799857
2025,MID,forward_pass_p90,11.7841881047557
2025,FWD,forward_pass_p90,5.59956818795904
2025,OTHER,forward_pass_p90,11.3023868278309
2024,GK,forward_pass_p90,17.7846058178041
2024,DEF,forward_pass_p90,18.3823191127578
2024,MID,forward_pass_p90,12.2716541559641
2024,FWD,forward_pass_p90,5.82695276782309
2024,OTHER,forward_pass_p90,11.9088378171742
2023,GK,forward_pass_p90,17.6574979607332
2023,DEF,forward_pass_p90,18.3358690194547
2023,MID,forward_pass_p90,12.3623803398548
2023,FWD,forward_pass_p90,5.92269560628052
2023,OTHER,forward_pass_p90,12.0642229679633
2022,GK,forward_pass_p90,17.8101860559059
2022,DEF,forward_pass_p90,18.5537417224158
2022,MID,forward_pass_p90,12.5764661970199
2022,FWD,forward_pass_p90,6.03270932293113
2022,OTHER,forward_pass_p90,11.8463318834102
2021,GK,forward_pass_p90,18.1371277557257
2021,DEF,forward_pass_p90,18.7041657505774
2021,MID,forward_pass_p90,12.7668465568368
2021,FWD,forward_pass_p90,6.12614559939482
2021,OTHER,forward_pass_p90,11.5663410622336
2020,GK,forward_pass_p90,18.8219570114262
2020,DEF,forward_pass_p90,18.367857538079
2020,MID,forward_pass_p90,12.7101589597381
2020,FWD,forward_pass_p90,6.14706270077271
2020,OTHER,forward_pass_p90,11.2882508039049
2019,GK,forward_pass_p90,18.517156221799
2019,DEF,forward_pass_p90,17.1690502676839
2019,MID,forward_pass_p90,12.1900176245359
2019,FWD,forward_pass_p90,5.90127885479897
2019,OTHER,forward_pass_p90,10.9838317211872
2018,GK,forward_pass_p90,19.3611180335825
2018,DEF,forward_pass_p90,17.3043001707863
2018,MID,forward_pass_p90,12.3003972336576
2018,FWD,forward_pass_p90,5.71547883097471
2018,OTHER,forward_pass_p90,11.4582289812751
2017,GK,forward_pass_p90,20.1381284050134
2017,DEF,forward_pass_p90,17.4037507816824
2017,MID,forward_pass_p90,12.7302226435805
2017,FWD,forward_pass_p90,6.12477788213673
2017,OTHER,forward_pass_p90,11.6979542367766
2016,GK,forward_pass_p90,19.9292464706401
2016,DEF,forward_pass_p90,17.570689653615
2016,MID,forward_pass_p90,12.9630801124439
2016,FWD,forward_pass_p90,6.52789926876716
2016,OTHER,forward_pass_p90,11.8636837936336
2015,GK,forward_pass_p90,19.4829370958044
2015,DEF,forward_pass_p90,17.3680559549379
2015,MID,forward_pass_p90,13.5795715708183
2015,FWD,forward_pass_p90,6.75013622885099
2015,OTHER,forward_pass_p90,11.8448436531749
2014,GK,forward_pass_p90,19.7811079823117
2014,DEF,forward_pass_p90,17.0551347644555
2014,MID,forward_pass_p90,14.3618540320095
2014,FWD,forward_pass_p90,7.5584501635931
2014,OTHER,forward_pass_p90,12.7615370203244
2027,GK,tackles_p90,0.0274774774774775
2027,DEF,tackles_p90,1.37481225472459
2027,MID,tackles_p90,1.48751122764648
2027,FWD,tackles_p90,0.861682759903979
2027,OTHER,tackles_p90,1.70680494387806
2026,GK,tackles_p90,0.0284704919696975
2026,DEF,tackles_p90,1.61667902174241
2026,MID,tackles_p90,1.73598412231708
2026,FWD,tackles_p90,0.950913982521004
2026,OTHER,tackles_p90,1.93790849225906
2025,GK,tackles_p90,0.0282167971836709
2025,DEF,tackles_p90,1.69856644607645
2025,MID,tackles_p90,1.85813394266743
2025,FWD,tackles_p90,1.00927988002333
2025,OTHER,tackles_p90,1.96788057985096
2024,GK,tackles_p90,0.0276036061063385
2024,DEF,tackles_p90,1.70175383066026
2024,MID,tackles_p90,1.83517584109368
2024,FWD,tackles_p90,1.00638017072419
2024,OTHER,tackles_p90,1.97263440649787
2023,GK,tackles_p90,0.0271140170294619
2023,DEF,tackles_p90,1.68968105296217
2023,MID,tackles_p90,1.87567186263057
2023,FWD,tackles_p90,0.994193187396123
2023,OTHER,tackles_p90,2.0213947597277
2022,GK,tackles_p90,0.0294085519883495
2022,DEF,tackles_p90,1.64409964944565
2022,MID,tackles_p90,1.85103506076207
2022,FWD,tackles_p90,0.962876933193317
2022,OTHER,tackles_p90,1.89647755896917
2021,GK,tackles_p90,0.0285075703477498
2021,DEF,tackles_p90,1.57789502299608
2021,MID,tackles_p90,1.76469323360336
2021,FWD,tackles_p90,0.934123265714368
2021,OTHER,tackles_p90,1.71916592740425
2020,GK,tackles_p90,0.0293945181138255
2020,DEF,tackles_p90,1.66131167528512
2020,MID,tackles_p90,1.85056339183287
2020,FWD,tackles_p90,0.947417643702428
2020,OTHER,tackles_p90,1.80876888835904
2019,GK,tackles_p90,0.0276005675607812
2019,DEF,tackles_p90,1.66013458397432
2019,MID,tackles_p90,1.81924306554805
2019,FWD,tackles_p90,0.896312456400891
2019,OTHER,tackles_p90,1.81306422919592
2018,GK,tackles_p90,0.0284435694034156
2018,DEF,tackles_p90,1.74217220474977
2018,MID,tackles_p90,1.84960909892966
2018,FWD,tackles_p90,0.81880724477048
2018,OTHER,tackles_p90,1.86155553831585
2017,GK,tackles_p90,0.0265554861431812
2017,DEF,tackles_p90,1.81226807467182
2017,MID,tackles_p90,1.91634716282832
2017,FWD,tackles_p90,0.871214317989182
2017,OTHER,tackles_p90,1.92207768366281
2016,GK,tackles_p90,0.0281278821285668
2016,DEF,tackles_p90,1.88725120433017
2016,MID,tackles_p90,1.96892484522124
2016,FWD,tackles_p90,0.864444249527164
2016,OTHER,tackles_p90,1.81244816351479
2015,GK,tackles_p90,0.0326741638212248
2015,DEF,tackles_p90,1.99292105692861
2015,MID,tackles_p90,2.09352383138838
2015,FWD,tackles_p90,0.931970488586319
2015,OTHER,tackles_p90,1.87413416168953
2014,GK,tackles_p90,0.0345479030791519
2014,DEF,tackles_p90,2.09121715396409
2014,MID,tackles_p90,2.25296883736462
2014,FWD,tackles_p90,1.15673022115063
2014,OTHER,tackles_p90,2.04610763906833
2027,GK,tackles_won_p90,0.0144144144144144
2027,DEF,tackles_won_p90,0.876892129086962
2027,MID,tackles_won_p90,0.907455054582841
2027,FWD,tackles_won_p90,0.539764557114596
2027,OTHER,tackles_won_p90,1.07466957878829
2026,GK,tackles_won_p90,0.0169338546517228
2026,DEF,tackles_won_p90,1.00905422477646
2026,MID,tackles_won_p90,1.04020915880742
2026,FWD,tackles_won_p90,0.57451676537609
2026,OTHER,tackles_won_p90,1.18556868924579
2025,GK,tackles_won_p90,0.0171274744043747
2025,DEF,tackles_won_p90,1.07762512399602
2025,MID,tackles_won_p90,1.12108869679222
2025,FWD,tackles_won_p90,0.619479685866322
2025,OTHER,tackles_won_p90,1.20040380605189
2024,GK,tackles_won_p90,0.0162100768498608
2024,DEF,tackles_won_p90,1.070059031811
2024,MID,tackles_won_p90,1.11759097793088
2024,FWD,tackles_won_p90,0.619559955318221
2024,OTHER,tackles_won_p90,1.20757890995107
2023,GK,tackles_won_p90,0.0145089409648321
2023,DEF,tackles_won_p90,1.04847382421919
2023,MID,tackles_won_p90,1.11427972424569
2023,FWD,tackles_won_p90,0.597964579631177
2023,OTHER,tackles_won_p90,1.22638339088326
2022,GK,tackles_won_p90,0.0160093930504849
2022,DEF,tackles_won_p90,1.00395464792074
2022,MID,tackles_won_p90,1.07035613324251
2022,FWD,tackles_won_p90,0.554295102468856
2022,OTHER,tackles_won_p90,1.12515229075225
2021,GK,tackles_won_p90,0.0164693814954958
2021,DEF,tackles_won_p90,0.977602655052366
2021,MID,tackles_won_p90,1.03592603994651
2021,FWD,tackles_won_p90,0.540450271765579
2021,OTHER,tackles_won_p90,1.02143617193315
2020,GK,tackles_won_p90,0.0198147745754565
2020,DEF,tackles_won_p90,1.05503482645861
2020,MID,tackles_won_p90,1.11322051469479
2020,FWD,tackles_won_p90,0.574859913182224
2020,OTHER,tackles_won_p90,1.1048803043315
2019,GK,tackles_won_p90,0.0149797235785815
2019,DEF,tackles_won_p90,1.08194920705774
2019,MID,tackles_won_p90,1.14055564430226
2019,FWD,tackles_won_p90,0.557912847560241
2019,OTHER,tackles_won_p90,1.14018081930196
2018,GK,tackles_won_p90,0.0191867207818183
2018,DEF,tackles_won_p90,1.21947585326516
2018,MID,tackles_won_p90,1.26111604078274
2018,FWD,tackles_won_p90,0.557458964980109
2018,OTHER,tackles_won_p90,1.2859706485666
2017,GK,tackles_won_p90,0.0182797375416676
2017,DEF,tackles_won_p90,1.32650628472104
2017,MID,tackles_won_p90,1.37281745786615
2017,FWD,tackles_won_p90,0.634701382310767
2017,OTHER,tackles_won_p90,1.40598843754873
2016,GK,tackles_won_p90,0.0202108569661643
2016,DEF,tackles_won_p90,1.42108140985619
2016,MID,tackles_won_p90,1.45576873271936
2016,FWD,tackles_won_p90,0.650940709271215
2016,OTHER,tackles_won_p90,1.35303715481387
2015,GK,tackles_won_p90,0.0243707103394357
2015,DEF,tackles_won_p90,1.55733036119764
2015,MID,tackles_won_p90,1.62140202133523
2015,FWD,tackles_won_p90,0.736587365365285
2015,OTHER,tackles_won_p90,1.4941662997124
2014,GK,tackles_won_p90,0.0258304572907679
2014,DEF,tackles_won_p90,1.62670402132807
2014,MID,tackles_won_p90,1.70829974136197
2014,FWD,tackles_won_p90,0.898102515777136
2014,OTHER,tackles_won_p90,1.61618330817341
2027,GK,interceptions_p90,0.0112612612612613
2027,DEF,interceptions_p90,0.986482660153776
2027,MID,interceptions_p90,0.734879164518887
2027,FWD,interceptions_p90,0.283118255823097
2027,OTHER,interceptions_p90,0.721580646237553
2026,GK,interceptions_p90,0.00960460589939381
2026,DEF,interceptions_p90,1.11975669408789
2026,MID,interceptions_p90,0.855235329835311
2026,FWD,interceptions_p90,0.348615049036092
2026,OTHER,interceptions_p90,0.772633443399138
2025,GK,interceptions_p90,0.00939460915043099
2025,DEF,interceptions_p90,1.12253017608943
2025,MID,interceptions_p90,0.860571010571253
2025,FWD,interceptions_p90,0.342314097382681
2025,OTHER,interceptions_p90,0.759932136026691
2024,GK,interceptions_p90,0.0114388312651818
2024,DEF,interceptions_p90,1.16565343727658
2024,MID,interceptions_p90,0.873700789550713
2024,FWD,interceptions_p90,0.348552848911993
2024,OTHER,interceptions_p90,0.79244444243681
2023,GK,interceptions_p90,0.019992915989288
2023,DEF,interceptions_p90,1.2778240457782
2023,MID,interceptions_p90,0.937622581527595
2023,FWD,interceptions_p90,0.351945709341904
2023,OTHER,interceptions_p90,0.839735609641998
2022,GK,interceptions_p90,0.0220988034052349
2022,DEF,interceptions_p90,1.39949564431823
2022,MID,interceptions_p90,1.01533303848442
2022,FWD,interceptions_p90,0.375165036956221
2022,OTHER,interceptions_p90,0.871370699176953
2021,GK,interceptions_p90,0.0335491419436791
2021,DEF,interceptions_p90,1.56570999429448
2021,MID,interceptions_p90,1.13802500781762
2021,FWD,interceptions_p90,0.437511366144919
2021,OTHER,interceptions_p90,0.933391969202378
2020,GK,interceptions_p90,0.0339598861038576
2020,DEF,interceptions_p90,1.42324929804264
2020,MID,interceptions_p90,1.04398139388188
2020,FWD,interceptions_p90,0.390543520890413
2020,OTHER,interceptions_p90,0.832944462316504
2019,GK,interceptions_p90,0.036518073470676
2019,DEF,interceptions_p90,1.46740448359629
2019,MID,interceptions_p90,1.01900929547976
2019,FWD,interceptions_p90,0.347426871640874
2019,OTHER,interceptions_p90,0.813639236524687
2018,GK,interceptions_p90,0.0491197716122866
2018,DEF,interceptions_p90,1.66484213883409
2018,MID,interceptions_p90,1.10053658710869
2018,FWD,interceptions_p90,0.349690471918209
2018,OTHER,interceptions_p90,0.91707264752643
2017,GK,interceptions_p90,0.0635869434228109
2017,DEF,interceptions_p90,2.04499713408557
2017,MID,interceptions_p90,1.32069482322734
2017,FWD,interceptions_p90,0.429963867420415
2017,OTHER,interceptions_p90,1.11953811610442
2016,GK,interceptions_p90,0.0743013226504599
2016,DEF,interceptions_p90,2.43511100275037
2016,MID,interceptions_p90,1.52051260277144
2016,FWD,interceptions_p90,0.479659308748605
2016,OTHER,interceptions_p90,1.41027182975789
2015,GK,interceptions_p90,0.0644620150040822
2015,DEF,interceptions_p90,2.37015092847544
2015,MID,interceptions_p90,1.35777668153292
2015,FWD,interceptions_p90,0.454135948494233
2015,OTHER,interceptions_p90,1.18499672618404
2014,GK,interceptions_p90,0.0365085248332098
2014,DEF,interceptions_p90,2.15918683542771
2014,MID,interceptions_p90,1.36047033320991
2014,FWD,interceptions_p90,0.526103750352311
2014,OTHER,interceptions_p90,1.0993438233978
2027,GK,interceptions_won_p90,0.0112612612612613
2027,DEF,interceptions_won_p90,0.986482660153776
2027,MID,interceptions_won_p90,0.734879164518887
2027,FWD,interceptions_won_p90,0.283118255823097
2027,OTHER,interceptions_won_p90,0.721580646237553
2026,GK,interceptions_won_p90,0.00960460589939381
2026,DEF,interceptions_won_p90,1.11975669408789
2026,MID,interceptions_won_p90,0.855235329835311
2026,FWD,interceptions_won_p90,0.348615049036092
2026,OTHER,interceptions_won_p90,0.772633443399138
2025,GK,interceptions_won_p90,0.00939460915043099
2025,DEF,interceptions_won_p90,1.12253017608943
2025,MID,interceptions_won_p90,0.860571010571253
2025,FWD,interceptions_won_p90,0.342314097382681
2025,OTHER,interceptions_won_p90,0.759932136026691
2024,GK,interceptions_won_p90,0.0114388312651818
2024,DEF,interceptions_won_p90,1.16565343727658
2024,MID,interceptions_won_p90,0.873700789550713
2024,FWD,interceptions_won_p90,0.348552848911993
2024,OTHER,interceptions_won_p90,0.79244444243681
2023,GK,interceptions_won_p90,0.019992915989288
2023,DEF,interceptions_won_p90,1.2778240457782
2023,MID,interceptions_won_p90,0.937622581527595
2023,FWD,interceptions_won_p90,0.351945709341904
2023,OTHER,interceptions_won_p90,0.839735609641998
2022,GK,interceptions_won_p90,0.0220988034052349
2022,DEF,interceptions_won_p90,1.39949564431823
2022,MID,interceptions_won_p90,1.01533303848442
2022,FWD,interceptions_won_p90,0.375165036956221
2022,OTHER,interceptions_won_p90,0.871370699176953
2021,GK,interceptions_won_p90,0.0335491419436791
2021,DEF,interceptions_won_p90,1.56570999429448
2021,MID,interceptions_won_p90,1.13802500781762
2021,FWD,interceptions_won_p90,0.437511366144919
2021,OTHER,interceptions_won_p90,0.933391969202378
2020,GK,interceptions_won_p90,0.0339598861038576
2020,DEF,interceptions_won_p90,1.42324929804264
2020,MID,interceptions_won_p90,1.04398139388188
2020,FWD,interceptions_won_p90,0.390543520890413
2020,OTHER,interceptions_won_p90,0.832944462316504
2019,GK,interceptions_won_p90,0.036518073470676
2019,DEF,interceptions_won_p90,1.46740448359629
2019,MID,interceptions_won_p90,1.01900929547976
2019,FWD,interceptions_won_p90,0.347426871640874
2019,OTHER,interceptions_won_p90,0.813639236524687
2018,GK,interceptions_won_p90,0.0491197716122866
2018,DEF,interceptions_won_p90,1.66484213883409
2018,MID,interceptions_won_p90,1.10053658710869
2018,FWD,interceptions_won_p90,0.349690471918209
2018,OTHER,interceptions_won_p90,0.91707264752643
2017,GK,interceptions_won_p90,0.0635869434228109
2017,DEF,interceptions_won_p90,2.04499713408557
2017,MID,interceptions_won_p90,1.32069482322734
2017,FWD,interceptions_won_p90,0.429963867420415
2017,OTHER,interceptions_won_p90,1.11953811610442
2016,GK,interceptions_won_p90,0.0743013226504599
2016,DEF,interceptions_won_p90,2.43508511010129
2016,MID,interceptions_won_p90,1.52051260277144
2016,FWD,interceptions_won_p90,0.479659308748605
2016,OTHER,interceptions_won_p90,1.41027182975789
2015,GK,interceptions_won_p90,0.0644620150040822
2015,DEF,interceptions_won_p90,2.37015092847544
2015,MID,interceptions_won_p90,1.35777668153292
2015,FWD,interceptions_won_p90,0.454135948494233
2015,OTHER,interceptions_won_p90,1.18499672618404
2014,GK,interceptions_won_p90,0.0365085248332098
2014,DEF,interceptions_won_p90,2.15867801588904
2014,MID,interceptions_won_p90,1.36028861414758
2014,FWD,interceptions_won_p90,0.525794875343731
2014,OTHER,interceptions_won_p90,1.08781472761162
2027,GK,clearances_p90,0.942003994945171
2027,DEF,clearances_p90,3.47860316067186
2027,MID,clearances_p90,1.05203229029762
2027,FWD,clearances_p90,0.586703930136189
2027,OTHER,clearances_p90,1.64291697336824
2026,GK,clearances_p90,1.01347141359535
2026,DEF,clearances_p90,4.31743430184633
2026,MID,clearances_p90,1.31482849579222
2026,FWD,clearances_p90,0.732686608703525
2026,OTHER,clearances_p90,1.96742358346145
2025,GK,clearances_p90,0.971930697468266
2025,DEF,clearances_p90,4.12906456091401
2025,MID,clearances_p90,1.26854043053822
2025,FWD,clearances_p90,0.685485090951086
2025,OTHER,clearances_p90,1.77799888793489
2024,GK,clearances_p90,0.835144459815251
2024,DEF,clearances_p90,3.17992513354763
2024,MID,clearances_p90,1.02590531224566
2024,FWD,clearances_p90,0.597277630181133
2024,OTHER,clearances_p90,1.43660547857002
2023,GK,clearances_p90,0.801822888094328
2023,DEF,clearances_p90,3.02828917127196
2023,MID,clearances_p90,0.931102778706625
2023,FWD,clearances_p90,0.578827371235285
2023,OTHER,clearances_p90,1.30855823518684
2022,GK,clearances_p90,0.833667857094872
2022,DEF,clearances_p90,3.00049759379542
2022,MID,clearances_p90,0.914565423144748
2022,FWD,clearances_p90,0.559290960982179
2022,OTHER,clearances_p90,1.23678440247528
2021,GK,clearances_p90,0.78754897518716
2021,DEF,clearances_p90,2.9375731967619
2021,MID,clearances_p90,0.885351348259569
2021,FWD,clearances_p90,0.553073393157941
2021,OTHER,clearances_p90,1.10737966372889
2020,GK,clearances_p90,0.788088778426646
2020,DEF,clearances_p90,3.13269730001338
2020,MID,clearances_p90,0.941085238942108
2020,FWD,clearances_p90,0.56646506755654
2020,OTHER,clearances_p90,1.15834173698139
2019,GK,clearances_p90,0.822597620298818
2019,DEF,clearances_p90,3.42934362339216
2019,MID,clearances_p90,0.941884646384941
2019,FWD,clearances_p90,0.595452073109743
2019,OTHER,clearances_p90,1.23530139976354
2018,GK,clearances_p90,0.872792577144056
2018,DEF,clearances_p90,3.82328433267086
2018,MID,clearances_p90,0.966483070985266
2018,FWD,clearances_p90,0.611336598966494
2018,OTHER,clearances_p90,1.30490194147422
2017,GK,clearances_p90,0.87764354167621
2017,DEF,clearances_p90,3.88787491511899
2017,MID,clearances_p90,0.948003956508402
2017,FWD,clearances_p90,0.62708451091265
2017,OTHER,clearances_p90,1.31630138103674
2016,GK,clearances_p90,0.856304761928834
2016,DEF,clearances_p90,3.61181395404844
2016,MID,clearances_p90,0.847639360751141
2016,FWD,clearances_p90,0.581764420747616
2016,OTHER,clearances_p90,1.27396628562681
2015,GK,clearances_p90,0.965301380719144
2015,DEF,clearances_p90,4.0537604608377
2015,MID,clearances_p90,0.941467005637955
2015,FWD,clearances_p90,0.575735072775044
2015,OTHER,clearances_p90,1.38216774668927
2014,GK,clearances_p90,1.13209581378246
2014,DEF,clearances_p90,4.77074631174711
2014,MID,clearances_p90,1.09741934536669
2014,FWD,clearances_p90,0.594560394671092
2014,OTHER,clearances_p90,2.00958116804676
2027,GK,clearances_effective_p90,0.942003994945171
2027,DEF,clearances_effective_p90,3.47860316067186
2027,MID,clearances_effective_p90,1.05203229029762
2027,FWD,clearances_effective_p90,0.586703930136189
2027,OTHER,clearances_effective_p90,1.64291697336824
2026,GK,clearances_effective_p90,1.01347141359535
2026,DEF,clearances_effective_p90,4.31743430184633
2026,MID,clearances_effective_p90,1.31482849579222
2026,FWD,clearances_effective_p90,0.732686608703525
2026,OTHER,clearances_effective_p90,1.96742358346145
2025,GK,clearances_effective_p90,0.971930697468266
2025,DEF,clearances_effective_p90,4.12906456091401
2025,MID,clearances_effective_p90,1.26854043053822
2025,FWD,clearances_effective_p90,0.685485090951086
2025,OTHER,clearances_effective_p90,1.77799888793489
2024,GK,clearances_effective_p90,0.835144459815251
2024,DEF,clearances_effective_p90,3.17992513354763
2024,MID,clearances_effective_p90,1.02590531224566
2024,FWD,clearances_effective_p90,0.597277630181133
2024,OTHER,clearances_effective_p90,1.43660547857002
2023,GK,clearances_effective_p90,0.801822888094328
2023,DEF,clearances_effective_p90,3.02828917127196
2023,MID,clearances_effective_p90,0.931102778706625
2023,FWD,clearances_effective_p90,0.578827371235285
2023,OTHER,clearances_effective_p90,1.30855823518684
2022,GK,clearances_effective_p90,0.833667857094872
2022,DEF,clearances_effective_p90,3.00049759379542
2022,MID,clearances_effective_p90,0.914565423144748
2022,FWD,clearances_effective_p90,0.559290960982179
2022,OTHER,clearances_effective_p90,1.23678440247528
2021,GK,clearances_effective_p90,0.78754897518716
2021,DEF,clearances_effective_p90,2.9375731967619
2021,MID,clearances_effective_p90,0.885351348259569
2021,FWD,clearances_effective_p90,0.553073393157941
2021,OTHER,clearances_effective_p90,1.10737966372889
2020,GK,clearances_effective_p90,0.788088778426646
2020,DEF,clearances_effective_p90,3.13269730001338
2020,MID,clearances_effective_p90,0.941085238942108
2020,FWD,clearances_effective_p90,0.56646506755654
2020,OTHER,clearances_effective_p90,1.15834173698139
2019,GK,clearances_effective_p90,0.822597620298818
2019,DEF,clearances_effective_p90,3.42934362339216
2019,MID,clearances_effective_p90,0.941884646384941
2019,FWD,clearances_effective_p90,0.595452073109743
2019,OTHER,clearances_effective_p90,1.23530139976354
2018,GK,clearances_effective_p90,0.872792577144056
2018,DEF,clearances_effective_p90,3.82328433267086
2018,MID,clearances_effective_p90,0.966483070985266
2018,FWD,clearances_effective_p90,0.611336598966494
2018,OTHER,clearances_effective_p90,1.30490194147422
2017,GK,clearances_effective_p90,0.848169966673411
2017,DEF,clearances_effective_p90,3.69273472605066
2017,MID,clearances_effective_p90,0.91239550342247
2017,FWD,clearances_effective_p90,0.604423476520561
2017,OTHER,clearances_effective_p90,1.26190745173125
2016,GK,clearances_effective_p90,0.722511767572734
2016,DEF,clearances_effective_p90,2.7758216948027
2016,MID,clearances_effective_p90,0.690886736823615
2016,FWD,clearances_effective_p90,0.49109446249297
2016,OTHER,clearances_effective_p90,1.00671662297401
2015,GK,clearances_effective_p90,0.927023268946033
2015,DEF,clearances_effective_p90,3.86285098701312
2015,MID,clearances_effective_p90,0.903713089321147
2015,FWD,clearances_effective_p90,0.556233236682113
2015,OTHER,clearances_effective_p90,1.34183799509655
2014,GK,clearances_effective_p90,1.13146924736642
2014,DEF,clearances_effective_p90,4.7682003083626
2014,MID,clearances_effective_p90,1.09587920183842
2014,FWD,clearances_effective_p90,0.593326030797274
2014,OTHER,clearances_effective_p90,1.96589818383798
2027,GK,blocks_p90,0
2027,DEF,blocks_p90,0.511684334980511
2027,MID,blocks_p90,0.207571044762901
2027,FWD,blocks_p90,0.0713000924170506
2027,OTHER,blocks_p90,0.262244813413312
2026,GK,blocks_p90,0
2026,DEF,blocks_p90,0.55919544569121
2026,MID,blocks_p90,0.230747143501448
2026,FWD,blocks_p90,0.08729302315267
2026,OTHER,blocks_p90,0.256847916743282
2025,GK,blocks_p90,0
2025,DEF,blocks_p90,0.554159328913736
2025,MID,blocks_p90,0.22397084956399
2025,FWD,blocks_p90,0.0788780693146327
2025,OTHER,blocks_p90,0.24580060329961
2024,GK,blocks_p90,0
2024,DEF,blocks_p90,0.567797399977818
2024,MID,blocks_p90,0.223139354555722
2024,FWD,blocks_p90,0.0834508009541646
2024,OTHER,blocks_p90,0.258366865807349
2023,GK,blocks_p90,7.03284337857796e-05
2023,DEF,blocks_p90,0.540975837956387
2023,MID,blocks_p90,0.212070452698342
2023,FWD,blocks_p90,0.0859426498379543
2023,OTHER,blocks_p90,0.231818491559184
2022,GK,blocks_p90,0
2022,DEF,blocks_p90,0.537289232048088
2022,MID,blocks_p90,0.205984396499244
2022,FWD,blocks_p90,0.0784327243438558
2022,OTHER,blocks_p90,0.219830144363261
2021,GK,blocks_p90,7.16127184187912e-05
2021,DEF,blocks_p90,0.499070453603472
2021,MID,blocks_p90,0.194677379741164
2021,FWD,blocks_p90,0.0744052953281522
2021,OTHER,blocks_p90,0.19358186382948
2020,GK,blocks_p90,0.000233754090696587
2020,DEF,blocks_p90,0.52317023082347
2020,MID,blocks_p90,0.205069549377955
2020,FWD,blocks_p90,0.0772402719520247
2020,OTHER,blocks_p90,0.200281367131556
2019,GK,blocks_p90,0.00115865265248697
2019,DEF,blocks_p90,0.510534461558605
2019,MID,blocks_p90,0.190532643283156
2019,FWD,blocks_p90,0.0733554210493589
2019,OTHER,blocks_p90,0.199908501119478
2018,GK,blocks_p90,0.000249500998003992
2018,DEF,blocks_p90,0.494697287887272
2018,MID,blocks_p90,0.170183234875409
2018,FWD,blocks_p90,0.0740578563352013
2018,OTHER,blocks_p90,0.183877502501204
2017,GK,blocks_p90,0.000329055610398157
2017,DEF,blocks_p90,0.47111977242498
2017,MID,blocks_p90,0.171985180708023
2017,FWD,blocks_p90,0.0752310853172254
2017,OTHER,blocks_p90,0.181958856300039
2016,GK,blocks_p90,0.000466977345201808
2016,DEF,blocks_p90,0.4714874154143
2016,MID,blocks_p90,0.169926357877873
2016,FWD,blocks_p90,0.0737757704366223
2016,OTHER,blocks_p90,0.196120324417439
2015,GK,blocks_p90,0.000754859407435365
2015,DEF,blocks_p90,0.480054263759495
2015,MID,blocks_p90,0.174568361499672
2015,FWD,blocks_p90,0.0720500401023805
2015,OTHER,blocks_p90,0.197026971652178
2014,GK,blocks_p90,0
2014,DEF,blocks_p90,0.49266029402691
2014,MID,blocks_p90,0.190360502560208
2014,FWD,blocks_p90,0.0676966616118601
2014,OTHER,blocks_p90,0.237867633221939
2027,GK,blocked_passes_p90,0.00810810810810811
2027,DEF,blocked_passes_p90,0.478070902500767
2027,MID,blocked_passes_p90,0.676820885127973
2027,FWD,blocked_passes_p90,0.548861214985593
2027,OTHER,blocked_passes_p90,0.732105392127706
2026,GK,blocked_passes_p90,0.00871492417026889
2026,DEF,blocked_passes_p90,0.57530687339154
2026,MID,blocked_passes_p90,0.812921487477824
2026,FWD,blocked_passes_p90,0.644892429893162
2026,OTHER,blocked_passes_p90,0.901769287993491
2025,GK,blocked_passes_p90,0.0112136486884762
2025,DEF,blocked_passes_p90,0.598080734565104
2025,MID,blocked_passes_p90,0.850841684464782
2025,FWD,blocked_passes_p90,0.676216983526025
2025,OTHER,blocked_passes_p90,0.876001765672426
2024,GK,blocked_passes_p90,0.00813872980274991
2024,DEF,blocked_passes_p90,0.633269792199409
2024,MID,blocked_passes_p90,0.8966245847704
2024,FWD,blocked_passes_p90,0.729818848940651
2024,OTHER,blocked_passes_p90,0.961497186946884
2023,GK,blocked_passes_p90,0.0150854490470497
2023,DEF,blocked_passes_p90,0.790079826426308
2023,MID,blocked_passes_p90,1.15339942775088
2023,FWD,blocked_passes_p90,0.924274822007243
2023,OTHER,blocked_passes_p90,1.23975476679327
2022,GK,blocked_passes_p90,0.0303522495822976
2022,DEF,blocked_passes_p90,1.21983102743355
2022,MID,blocked_passes_p90,1.76385616766391
2022,FWD,blocked_passes_p90,1.52286696448723
2022,OTHER,blocked_passes_p90,1.90657032918114
2021,GK,blocked_passes_p90,0.0300960495527826
2021,DEF,blocked_passes_p90,1.28046419639325
2021,MID,blocked_passes_p90,1.81271260133971
2021,FWD,blocked_passes_p90,1.611257670531
2021,OTHER,blocked_passes_p90,1.91461724732698
2020,GK,blocked_passes_p90,0.0283194791036352
2020,DEF,blocked_passes_p90,1.20257783525573
2020,MID,blocked_passes_p90,1.68880705983575
2020,FWD,blocked_passes_p90,1.46456143905335
2020,OTHER,blocked_passes_p90,1.85251214500471
2019,GK,blocked_passes_p90,0.0294344293556045
2019,DEF,blocked_passes_p90,1.28742777045405
2019,MID,blocked_passes_p90,1.81287621158694
2019,FWD,blocked_passes_p90,1.49118243988129
2019,OTHER,blocked_passes_p90,1.95290761293287
2018,GK,blocked_passes_p90,0.0274380566893285
2018,DEF,blocked_passes_p90,1.29201525680902
2018,MID,blocked_passes_p90,1.81052873965787
2018,FWD,blocked_passes_p90,1.43178701819167
2018,OTHER,blocked_passes_p90,2.03934749200116
2017,GK,blocked_passes_p90,0.0246733206342957
2017,DEF,blocked_passes_p90,1.14047598669865
2017,MID,blocked_passes_p90,1.66649603338295
2017,FWD,blocked_passes_p90,1.3349941060017
2017,OTHER,blocked_passes_p90,1.73619590056495
2016,GK,blocked_passes_p90,0.026530879199246
2016,DEF,blocked_passes_p90,1.28602997470447
2016,MID,blocked_passes_p90,1.87096236416954
2016,FWD,blocked_passes_p90,1.40887841537292
2016,OTHER,blocked_passes_p90,1.72257565515198
2015,GK,blocked_passes_p90,0.0276170439293375
2015,DEF,blocked_passes_p90,1.37358325071593
2015,MID,blocked_passes_p90,2.05804855380858
2015,FWD,blocked_passes_p90,1.5436970425165
2015,OTHER,blocked_passes_p90,1.81246289896597
2014,GK,blocked_passes_p90,0.0294486215538847
2014,DEF,blocked_passes_p90,1.13444136651281
2014,MID,blocked_passes_p90,1.69274226935259
2014,FWD,blocked_passes_p90,1.31314796100106
2014,OTHER,blocked_passes_p90,1.42689126319148
2027,GK,duel_won_p90,0.391301822184175
2027,DEF,duel_won_p90,3.63560988475628
2027,MID,duel_won_p90,3.76688047011778
2027,FWD,duel_won_p90,3.93177276507205
2027,OTHER,duel_won_p90,5.33405933043753
2026,GK,duel_won_p90,0.466471511133723
2026,DEF,duel_won_p90,4.45274794863166
2026,MID,duel_won_p90,4.51288319460574
2026,FWD,duel_won_p90,4.62586552348133
2026,OTHER,duel_won_p90,6.25971292483362
2025,GK,duel_won_p90,0.446210157133575
2025,DEF,duel_won_p90,4.51829733491632
2025,MID,duel_won_p90,4.74244964068376
2025,FWD,duel_won_p90,4.79178354137406
2025,OTHER,duel_won_p90,6.17877287415719
2024,GK,duel_won_p90,0.427329339966172
2024,DEF,duel_won_p90,4.55458008132356
2024,MID,duel_won_p90,4.80410987688624
2024,FWD,duel_won_p90,4.89557951810519
2024,OTHER,duel_won_p90,6.43424103581116
2023,GK,duel_won_p90,0.411695853494697
2023,DEF,duel_won_p90,4.62645712302769
2023,MID,duel_won_p90,5.00940229327246
2023,FWD,duel_won_p90,5.08981519066483
2023,OTHER,duel_won_p90,6.61697598369745
2022,GK,duel_won_p90,0.419901646066477
2022,DEF,duel_won_p90,4.65684796723602
2022,MID,duel_won_p90,5.05742777986193
2022,FWD,duel_won_p90,5.09368016420298
2022,OTHER,duel_won_p90,6.48484725854487
2021,GK,duel_won_p90,0.420058528384764
2021,DEF,duel_won_p90,4.75517782702651
2021,MID,duel_won_p90,5.1880747810362
2021,FWD,duel_won_p90,5.39193599447313
2021,OTHER,duel_won_p90,6.34025996297982
2020,GK,duel_won_p90,0.454575147311756
2020,DEF,duel_won_p90,4.99788613447328
2020,MID,duel_won_p90,5.43297000576966
2020,FWD,duel_won_p90,5.55981930351365
2020,OTHER,duel_won_p90,6.90191466071927
2019,GK,duel_won_p90,0.472833998706818
2019,DEF,duel_won_p90,4.85552602598358
2019,MID,duel_won_p90,5.27496269711576
2019,FWD,duel_won_p90,5.40138104062185
2019,OTHER,duel_won_p90,6.68292082479903
2018,GK,duel_won_p90,0.472798790688258
2018,DEF,duel_won_p90,4.87914532051471
2018,MID,duel_won_p90,5.43643596843537
2018,FWD,duel_won_p90,5.35192973446398
2018,OTHER,duel_won_p90,6.85519757429299
2017,GK,duel_won_p90,0.438334330040294
2017,DEF,duel_won_p90,4.75743542261103
2017,MID,duel_won_p90,5.3300990221739
2017,FWD,duel_won_p90,5.1309142765346
2017,OTHER,duel_won_p90,6.60230550904584
2016,GK,duel_won_p90,0.437567765848314
2016,DEF,duel_won_p90,4.88702686394309
2016,MID,duel_won_p90,5.41489933072314
2016,FWD,duel_won_p90,5.2091159876005
2016,OTHER,duel_won_p90,5.79431163030028
2015,GK,duel_won_p90,0.464501330293687
2015,DEF,duel_won_p90,5.00234999338167
2015,MID,duel_won_p90,5.51396915986282
2015,FWD,duel_won_p90,5.24422510979904
2015,OTHER,duel_won_p90,6.04188773455436
2014,GK,duel_won_p90,0.546076126068435
2014,DEF,duel_won_p90,5.26426107725302
2014,MID,duel_won_p90,5.73983270401283
2014,FWD,duel_won_p90,5.60349104359111
2014,OTHER,duel_won_p90,6.33591462908451
2027,GK,duel_lost_p90,0.0858108108108108
2027,DEF,duel_lost_p90,2.8535119989218
2027,MID,duel_lost_p90,3.93972385508749
2027,FWD,duel_lost_p90,5.05866451374034
2027,OTHER,duel_lost_p90,6.10365876958602
2026,GK,duel_lost_p90,0.0781136355262524
2026,DEF,duel_lost_p90,3.41883520526289
2026,MID,duel_lost_p90,4.68291917542761
2026,FWD,duel_lost_p90,6.1842993560394
2026,OTHER,duel_lost_p90,7.28224332163391
2025,GK,duel_lost_p90,0.0829618814453386
2025,DEF,duel_lost_p90,3.47212027531969
2025,MID,duel_lost_p90,4.90622967576469
2025,FWD,duel_lost_p90,6.32339937133511
2025,OTHER,duel_lost_p90,7.1210236518775
2024,GK,duel_lost_p90,0.0904449916342163
2024,DEF,duel_lost_p90,3.50413312063482
2024,MID,duel_lost_p90,4.99473978105714
2024,FWD,duel_lost_p90,6.3958124637299
2024,OTHER,duel_lost_p90,7.41135203225718
2023,GK,duel_lost_p90,0.0834529966246726
2023,DEF,duel_lost_p90,3.56949625445643
2023,MID,duel_lost_p90,5.20985407210026
2023,FWD,duel_lost_p90,6.5960024131548
2023,OTHER,duel_lost_p90,7.6422129552131
2022,GK,duel_lost_p90,0.08826815920906
2022,DEF,duel_lost_p90,3.56376893170611
2022,MID,duel_lost_p90,5.25466752239545
2022,FWD,duel_lost_p90,6.66685647114996
2022,OTHER,duel_lost_p90,7.59285026654071
2021,GK,duel_lost_p90,0.0911191152608711
2021,DEF,duel_lost_p90,3.69677232651173
2021,MID,duel_lost_p90,5.43765080296549
2021,FWD,duel_lost_p90,6.88248969820089
2021,OTHER,duel_lost_p90,7.43617169568145
2020,GK,duel_lost_p90,0.0899336287987336
2020,DEF,duel_lost_p90,3.80654008546455
2020,MID,duel_lost_p90,5.67237959379443
2020,FWD,duel_lost_p90,7.28468539809077
2020,OTHER,duel_lost_p90,8.19320954718357
2019,GK,duel_lost_p90,0.0886561165114248
2019,DEF,duel_lost_p90,3.65614401119821
2019,MID,duel_lost_p90,5.60149901607988
2019,FWD,duel_lost_p90,7.25350956364887
2019,OTHER,duel_lost_p90,8.01788467330486
2018,GK,duel_lost_p90,0.09194522589064
2018,DEF,duel_lost_p90,3.65882316145977
2018,MID,duel_lost_p90,5.82261528745254
2018,FWD,duel_lost_p90,7.3848127034811
2018,OTHER,duel_lost_p90,8.25102304135424
2017,GK,duel_lost_p90,0.102712537769894
2017,DEF,duel_lost_p90,3.51340652044576
2017,MID,duel_lost_p90,5.70579921857677
2017,FWD,duel_lost_p90,7.16089082272221
2017,OTHER,duel_lost_p90,8.03448929685496
2016,GK,duel_lost_p90,0.0934978142420308
2016,DEF,duel_lost_p90,3.53877949706519
2016,MID,duel_lost_p90,5.83164837717255
2016,FWD,duel_lost_p90,7.4922219263063
2016,OTHER,duel_lost_p90,6.80257470864378
2015,GK,duel_lost_p90,0.102295695276296
2015,DEF,duel_lost_p90,3.64058210343404
2015,MID,duel_lost_p90,5.82857759432971
2015,FWD,duel_lost_p90,7.64471913149772
2015,OTHER,duel_lost_p90,7.0808060438205
2014,GK,duel_lost_p90,0.119437267059449
2014,DEF,duel_lost_p90,3.92639481123994
2014,MID,duel_lost_p90,5.95617518401841
2014,FWD,duel_lost_p90,7.73930789973541
2014,OTHER,duel_lost_p90,7.31114011143325
2027,GK,aerial_won_p90,0.21424218335983
2027,DEF,aerial_won_p90,1.34048450263488
2027,MID,aerial_won_p90,0.624056866770111
2027,FWD,aerial_won_p90,1.08654576265077
2027,OTHER,aerial_won_p90,1.29892002219672
2026,GK,aerial_won_p90,0.274410843782302
2026,DEF,aerial_won_p90,1.75815514050887
2026,MID,aerial_won_p90,0.876820641096863
2026,FWD,aerial_won_p90,1.37698373836095
2026,OTHER,aerial_won_p90,1.7086512512903
2025,GK,aerial_won_p90,0.281016181822437
2025,DEF,aerial_won_p90,1.73730753632945
2025,MID,aerial_won_p90,0.914277196525606
2025,FWD,aerial_won_p90,1.38085854956119
2025,OTHER,aerial_won_p90,1.61604714224157
2024,GK,aerial_won_p90,0.270541657731971
2024,DEF,aerial_won_p90,1.75232734157808
2024,MID,aerial_won_p90,0.920988734231008
2024,FWD,aerial_won_p90,1.39181029332824
2024,OTHER,aerial_won_p90,1.68401877950294
2023,GK,aerial_won_p90,0.247813377653673
2023,DEF,aerial_won_p90,1.78095658850233
2023,MID,aerial_won_p90,0.923524092502798
2023,FWD,aerial_won_p90,1.50474055771316
2023,OTHER,aerial_won_p90,1.69328216813126
2022,GK,aerial_won_p90,0.268308885778807
2022,DEF,aerial_won_p90,1.85714695986656
2022,MID,aerial_won_p90,0.998336543300738
2022,FWD,aerial_won_p90,1.54480674348825
2022,OTHER,aerial_won_p90,1.7153095578508
2021,GK,aerial_won_p90,0.274689698646512
2021,DEF,aerial_won_p90,1.95582885749228
2021,MID,aerial_won_p90,1.06111364696989
2021,FWD,aerial_won_p90,1.68264659648815
2021,OTHER,aerial_won_p90,1.69669037419048
2020,GK,aerial_won_p90,0.309390813579456
2020,DEF,aerial_won_p90,2.1025718941794
2020,MID,aerial_won_p90,1.15655921864051
2020,FWD,aerial_won_p90,1.86186771022982
2020,OTHER,aerial_won_p90,1.87632144050922
2019,GK,aerial_won_p90,0.332204102938983
2019,DEF,aerial_won_p90,2.00958173971873
2019,MID,aerial_won_p90,1.1383844599979
2019,FWD,aerial_won_p90,1.93079414577711
2019,OTHER,aerial_won_p90,1.87590567988698
2018,GK,aerial_won_p90,0.324773736848749
2018,DEF,aerial_won_p90,1.90825898541077
2018,MID,aerial_won_p90,1.10104254084863
2018,FWD,aerial_won_p90,1.94516364252636
2018,OTHER,aerial_won_p90,1.79985442703941
2017,GK,aerial_won_p90,0.289031558606886
2017,DEF,aerial_won_p90,1.73313352021446
2017,MID,aerial_won_p90,1.041265905097
2017,FWD,aerial_won_p90,1.7268551085231
2017,OTHER,aerial_won_p90,1.62955538534298
2016,GK,aerial_won_p90,0.30147128858469
2016,DEF,aerial_won_p90,1.79752724201882
2016,MID,aerial_won_p90,1.08976965908658
2016,FWD,aerial_won_p90,1.84051877583195
2016,OTHER,aerial_won_p90,1.4288781095411
2015,GK,aerial_won_p90,0.311683278672864
2015,DEF,aerial_won_p90,1.76553771671845
2015,MID,aerial_won_p90,1.05319578617481
2015,FWD,aerial_won_p90,1.67889494245011
2015,OTHER,aerial_won_p90,1.46931483172458
2014,GK,aerial_won_p90,0.365886868811582
2014,DEF,aerial_won_p90,1.92260301693343
2014,MID,aerial_won_p90,1.13357825133278
2014,FWD,aerial_won_p90,1.71789377144191
2014,OTHER,aerial_won_p90,1.62746196415572
2027,GK,aerial_lost_p90,0.0279279279279279
2027,DEF,aerial_lost_p90,0.997633405692967
2027,MID,aerial_lost_p90,0.722647047485345
2027,FWD,aerial_lost_p90,1.50289865762081
2027,OTHER,aerial_lost_p90,1.64934720176801
2026,GK,aerial_lost_p90,0.0261043262687207
2026,DEF,aerial_lost_p90,1.28059232637776
2026,MID,aerial_lost_p90,1.00799000991599
2026,FWD,aerial_lost_p90,2.00254101706968
2026,OTHER,aerial_lost_p90,2.10132932247413
2025,GK,aerial_lost_p90,0.0244854933407556
2025,DEF,aerial_lost_p90,1.26393841919579
2025,MID,aerial_lost_p90,1.04345993041126
2025,FWD,aerial_lost_p90,1.97567132521195
2025,OTHER,aerial_lost_p90,2.03964291421812
2024,GK,aerial_lost_p90,0.0271513752770075
2024,DEF,aerial_lost_p90,1.26961153698357
2024,MID,aerial_lost_p90,1.05375051644547
2024,FWD,aerial_lost_p90,2.01065303359209
2024,OTHER,aerial_lost_p90,2.11259774474563
2023,GK,aerial_lost_p90,0.0265649943525032
2023,DEF,aerial_lost_p90,1.2878327089235
2023,MID,aerial_lost_p90,1.06070613662716
2023,FWD,aerial_lost_p90,2.12234762382217
2023,OTHER,aerial_lost_p90,2.12112621449738
2022,GK,aerial_lost_p90,0.0262486388819088
2022,DEF,aerial_lost_p90,1.33267980060062
2022,MID,aerial_lost_p90,1.12940275992351
2022,FWD,aerial_lost_p90,2.24120062130783
2022,OTHER,aerial_lost_p90,2.19978078525747
2021,GK,aerial_lost_p90,0.0271131174580791
2021,DEF,aerial_lost_p90,1.40331249392076
2021,MID,aerial_lost_p90,1.20610976517789
2021,FWD,aerial_lost_p90,2.42486027998457
2021,OTHER,aerial_lost_p90,2.2017473932607
2020,GK,aerial_lost_p90,0.0275332308936345
2020,DEF,aerial_lost_p90,1.51186463437449
2020,MID,aerial_lost_p90,1.29679547612438
2020,FWD,aerial_lost_p90,2.68285640478621
2020,OTHER,aerial_lost_p90,2.5204150895462
2019,GK,aerial_lost_p90,0.027273896535169
2019,DEF,aerial_lost_p90,1.44013524750493
2019,MID,aerial_lost_p90,1.32607171039672
2019,FWD,aerial_lost_p90,2.76235912266995
2019,OTHER,aerial_lost_p90,2.49081723224474
2018,GK,aerial_lost_p90,0.0292827812745241
2018,DEF,aerial_lost_p90,1.34480512303082
2018,MID,aerial_lost_p90,1.30463585941355
2018,FWD,aerial_lost_p90,2.84507413204442
2018,OTHER,aerial_lost_p90,2.37067142324535
2017,GK,aerial_lost_p90,0.0290219013507947
2017,DEF,aerial_lost_p90,1.19635993907446
2017,MID,aerial_lost_p90,1.23102291554984
2017,FWD,aerial_lost_p90,2.5615038671324
2017,OTHER,aerial_lost_p90,2.17636494510145
2016,GK,aerial_lost_p90,0.0250208881277194
2016,DEF,aerial_lost_p90,1.21662801514117
2016,MID,aerial_lost_p90,1.29672560687338
2016,FWD,aerial_lost_p90,2.7858939468108
2016,OTHER,aerial_lost_p90,1.83838304837652
2015,GK,aerial_lost_p90,0.0274248823194298
2015,DEF,aerial_lost_p90,1.1884634307146
2015,MID,aerial_lost_p90,1.22569104938749
2015,FWD,aerial_lost_p90,2.65955605078075
2015,OTHER,aerial_lost_p90,1.84684449687213
2014,GK,aerial_lost_p90,0.0324248120300752
2014,DEF,aerial_lost_p90,1.34108703411176
2014,MID,aerial_lost_p90,1.2706196118797
2014,FWD,aerial_lost_p90,2.60353614412468
2014,OTHER,aerial_lost_p90,2.09677260182715
2027,GK,touches_p90,36.3467248751254
2027,DEF,touches_p90,57.7426698987923
2027,MID,touches_p90,48.6468055833471
2027,FWD,touches_p90,33.6028922806292
2027,OTHER,touches_p90,54.9246865707303
2026,GK,touches_p90,39.6634663687649
2026,DEF,touches_p90,64.4309545771545
2026,MID,touches_p90,55.9547925007062
2026,FWD,touches_p90,39.7282627349834
2026,OTHER,touches_p90,61.9371677389713
2025,GK,touches_p90,38.1833458457965
2025,DEF,touches_p90,64.8020622000502
2025,MID,touches_p90,56.9777485437276
2025,FWD,touches_p90,40.5468505342117
2025,OTHER,touches_p90,60.0328671052417
2024,GK,touches_p90,38.9035605459383
2024,DEF,touches_p90,65.2097998378849
2024,MID,touches_p90,58.1411834382495
2024,FWD,touches_p90,41.4579718691417
2024,OTHER,touches_p90,62.2723632130966
2023,GK,touches_p90,37.7770296498986
2023,DEF,touches_p90,63.9127260206195
2023,MID,touches_p90,57.9131495029443
2023,FWD,touches_p90,41.6834945562237
2023,OTHER,touches_p90,62.1259528497979
2022,GK,touches_p90,37.3971871498718
2022,DEF,touches_p90,63.9107507847928
2022,MID,touches_p90,58.3404724523349
2022,FWD,touches_p90,42.0712264087611
2022,OTHER,touches_p90,60.9808504438146
2021,GK,touches_p90,37.1023414814268
2021,DEF,touches_p90,64.3832222439106
2021,MID,touches_p90,59.3997065066857
2021,FWD,touches_p90,42.8247427224233
2021,OTHER,touches_p90,59.6541422174112
2020,GK,touches_p90,36.9722791858951
2020,DEF,touches_p90,63.8877100317034
2020,MID,touches_p90,59.3999232332245
2020,FWD,touches_p90,42.9087422763409
2020,OTHER,touches_p90,61.3926305372026
2019,GK,touches_p90,35.0573205079346
2019,DEF,touches_p90,60.0087139179893
2019,MID,touches_p90,57.3615998592909
2019,FWD,touches_p90,41.4893964400974
2019,OTHER,touches_p90,59.2901330933123
2018,GK,touches_p90,35.5197487630774
2018,DEF,touches_p90,59.8915591262166
2018,MID,touches_p90,57.3870395595865
2018,FWD,touches_p90,40.3581897572303
2018,OTHER,touches_p90,60.8321986133076
2017,GK,touches_p90,36.2510998242873
2017,DEF,touches_p90,59.5371181656007
2017,MID,touches_p90,58.0053460413456
2017,FWD,touches_p90,41.5124288507509
2017,OTHER,touches_p90,61.1899692347865
2016,GK,touches_p90,35.5988767209838
2016,DEF,touches_p90,59.6430432683356
2016,MID,touches_p90,58.4097772004222
2016,FWD,touches_p90,42.1247870186477
2016,OTHER,touches_p90,56.6937208542582
2015,GK,touches_p90,35.2315458404259
2015,DEF,touches_p90,58.8644275986563
2015,MID,touches_p90,59.6968741434066
2015,FWD,touches_p90,43.2530317400615
2015,OTHER,touches_p90,58.2218715311499
2014,GK,touches_p90,36.6252507772046
2014,DEF,touches_p90,59.3511676621943
2014,MID,touches_p90,61.9712059491172
2014,FWD,touches_p90,46.0503807061438
2014,OTHER,touches_p90,60.646948591779
2027,GK,touches_opp_box_p90,0.00833333333333333
2027,DEF,touches_opp_box_p90,0.907476211293593
2027,MID,touches_opp_box_p90,1.78352810457527
2027,FWD,touches_opp_box_p90,3.69418280542242
2027,OTHER,touches_opp_box_p90,3.54543428323314
2026,GK,touches_opp_box_p90,0.00424939556011429
2026,DEF,touches_opp_box_p90,1.07012939571286
2026,MID,touches_opp_box_p90,1.87582956861478
2026,FWD,touches_opp_box_p90,4.06544947552521
2026,OTHER,touches_opp_box_p90,3.86162570227456
2025,GK,touches_opp_box_p90,0.00347131353259914
2025,DEF,touches_opp_box_p90,1.01745046745663
2025,MID,touches_opp_box_p90,1.80277987824988
2025,FWD,touches_opp_box_p90,4.13509099870522
2025,OTHER,touches_opp_box_p90,3.62426015338515
2024,GK,touches_opp_box_p90,0.00759289912363109
2024,DEF,touches_opp_box_p90,1.00081426268814
2024,MID,touches_opp_box_p90,1.79206443794844
2024,FWD,touches_opp_box_p90,4.25968521880903
2024,OTHER,touches_opp_box_p90,3.77959827910493
2023,GK,touches_opp_box_p90,0.00464167662986145
2023,DEF,touches_opp_box_p90,0.96480121369378
2023,MID,touches_opp_box_p90,1.72109478100221
2023,FWD,touches_opp_box_p90,4.14713287079136
2023,OTHER,touches_opp_box_p90,3.62269806410718
2022,GK,touches_opp_box_p90,0.0045145159049868
2022,DEF,touches_opp_box_p90,0.96463910103153
2022,MID,touches_opp_box_p90,1.68978110666823
2022,FWD,touches_opp_box_p90,4.11248966000315
2022,OTHER,touches_opp_box_p90,3.60838833519818
2021,GK,touches_opp_box_p90,0.00401031223145231
2021,DEF,touches_opp_box_p90,0.909016279982795
2021,MID,touches_opp_box_p90,1.65115515456223
2021,FWD,touches_opp_box_p90,4.01921967220371
2021,OTHER,touches_opp_box_p90,3.32157111389393
2020,GK,touches_opp_box_p90,0.00455820476858345
2020,DEF,touches_opp_box_p90,0.898814423154794
2020,MID,touches_opp_box_p90,1.66603331830576
2020,FWD,touches_opp_box_p90,4.15463430961227
2020,OTHER,touches_opp_box_p90,3.78005265687349
2019,GK,touches_opp_box_p90,0.00397252337995531
2019,DEF,touches_opp_box_p90,0.889637477551561
2019,MID,touches_opp_box_p90,1.77300319324121
2019,FWD,touches_opp_box_p90,4.19672141221335
2019,OTHER,touches_opp_box_p90,3.80401736069864
2018,GK,touches_opp_box_p90,0.0053226879574185
2018,DEF,touches_opp_box_p90,0.834730276831787
2018,MID,touches_opp_box_p90,1.8108639252685
2018,FWD,touches_opp_box_p90,4.16317085265715
2018,OTHER,touches_opp_box_p90,3.77032777498673
2017,GK,touches_opp_box_p90,0.00485449456688517
2017,DEF,touches_opp_box_p90,0.815157250446673
2017,MID,touches_opp_box_p90,1.73968791467946
2017,FWD,touches_opp_box_p90,4.09942386364183
2017,OTHER,touches_opp_box_p90,3.70908116558269
2016,GK,touches_opp_box_p90,0.000742046192375475
2016,DEF,touches_opp_box_p90,0.250910534547487
2016,MID,touches_opp_box_p90,0.553956808931676
2016,FWD,touches_opp_box_p90,1.44639779466638
2016,OTHER,touches_opp_box_p90,0.754308199881526
2015,GK,touches_opp_box_p90,0.00354929086765282
2015,DEF,touches_opp_box_p90,0.200534337100319
2015,MID,touches_opp_box_p90,0.41175018077208
2015,FWD,touches_opp_box_p90,1.44979322516304
2015,OTHER,touches_opp_box_p90,0.793302202350725
2014,GK,touches_opp_box_p90,0.00861528822055138
2014,DEF,touches_opp_box_p90,0.5125836030511
2014,MID,touches_opp_box_p90,0.938742178419713
2014,FWD,touches_opp_box_p90,2.65707640180248
2014,OTHER,touches_opp_box_p90,2.12245570915018
2027,GK,poss_won_def3rd_p90,1.59041450876877
2027,DEF,poss_won_def3rd_p90,1.79892732358302
2027,MID,poss_won_def3rd_p90,1.37439940126493
2027,FWD,poss_won_def3rd_p90,0.726136654583041
2027,OTHER,poss_won_def3rd_p90,1.53029587913349
2026,GK,poss_won_def3rd_p90,1.6012493768607
2026,DEF,poss_won_def3rd_p90,2.1037479122691
2026,MID,poss_won_def3rd_p90,1.63114441897066
2026,FWD,poss_won_def3rd_p90,0.845844467823545
2026,OTHER,poss_won_def3rd_p90,1.79003257249022
2025,GK,poss_won_def3rd_p90,1.2987709598432
2025,DEF,poss_won_def3rd_p90,2.18833640065529
2025,MID,poss_won_def3rd_p90,1.69955513667204
2025,FWD,poss_won_def3rd_p90,0.870588276837942
2025,OTHER,poss_won_def3rd_p90,1.77452137684697
2024,GK,poss_won_def3rd_p90,1.18734430009917
2024,DEF,poss_won_def3rd_p90,2.66757783793587
2024,MID,poss_won_def3rd_p90,1.96529880546482
2024,FWD,poss_won_def3rd_p90,0.968285304967177
2024,OTHER,poss_won_def3rd_p90,2.06240719980368
2023,GK,poss_won_def3rd_p90,1.16604397567285
2023,DEF,poss_won_def3rd_p90,3.28755568609438
2023,MID,poss_won_def3rd_p90,2.25014897022838
2023,FWD,poss_won_def3rd_p90,1.0469593524198
2023,OTHER,poss_won_def3rd_p90,2.39926219622243
2022,GK,poss_won_def3rd_p90,1.21242219785817
2022,DEF,poss_won_def3rd_p90,3.3031091058872
2022,MID,poss_won_def3rd_p90,2.26313788817466
2022,FWD,poss_won_def3rd_p90,1.00625867824782
2022,OTHER,poss_won_def3rd_p90,2.28019574310018
2021,GK,poss_won_def3rd_p90,1.29266070446418
2021,DEF,poss_won_def3rd_p90,3.24798059420055
2021,MID,poss_won_def3rd_p90,2.22950529398796
2021,FWD,poss_won_def3rd_p90,0.993858115177949
2021,OTHER,poss_won_def3rd_p90,2.15689150031487
2020,GK,poss_won_def3rd_p90,1.20982900603716
2020,DEF,poss_won_def3rd_p90,3.17184925821815
2020,MID,poss_won_def3rd_p90,2.21818470889968
2020,FWD,poss_won_def3rd_p90,0.984171540995334
2020,OTHER,poss_won_def3rd_p90,2.0904676916586
2019,GK,poss_won_def3rd_p90,1.1498705009485
2019,DEF,poss_won_def3rd_p90,3.0229160847186
2019,MID,poss_won_def3rd_p90,2.07720742006725
2019,FWD,poss_won_def3rd_p90,0.861917141058789
2019,OTHER,poss_won_def3rd_p90,1.99779410521591
2018,GK,poss_won_def3rd_p90,1.20389605460069
2018,DEF,poss_won_def3rd_p90,3.05219284289985
2018,MID,poss_won_def3rd_p90,2.03734850599468
2018,FWD,poss_won_def3rd_p90,0.691454700819183
2018,OTHER,poss_won_def3rd_p90,1.97957569133311
2017,GK,poss_won_def3rd_p90,1.30270099554829
2017,DEF,poss_won_def3rd_p90,2.96275232579295
2017,MID,poss_won_def3rd_p90,1.96578940863535
2017,FWD,poss_won_def3rd_p90,0.723312992215113
2017,OTHER,poss_won_def3rd_p90,1.93753902985544
2016,GK,poss_won_def3rd_p90,1.30248588538784
2016,DEF,poss_won_def3rd_p90,2.84944489545001
2016,MID,poss_won_def3rd_p90,1.881139322129
2016,FWD,poss_won_def3rd_p90,0.656675443514969
2016,OTHER,poss_won_def3rd_p90,1.66230009001221
2015,GK,poss_won_def3rd_p90,1.19515271871071
2015,DEF,poss_won_def3rd_p90,2.64037142661427
2015,MID,poss_won_def3rd_p90,1.79588905586234
2015,FWD,poss_won_def3rd_p90,0.623018161013523
2015,OTHER,poss_won_def3rd_p90,1.71170265474297
2014,GK,poss_won_def3rd_p90,1.28867127770098
2014,DEF,poss_won_def3rd_p90,2.75458971484875
2014,MID,poss_won_def3rd_p90,1.78214092566714
2014,FWD,poss_won_def3rd_p90,0.812614944239371
2014,OTHER,poss_won_def3rd_p90,1.57194415575178
2027,GK,poss_won_mid3rd_p90,0.0198198198198198
2027,DEF,poss_won_mid3rd_p90,1.24336465648843
2027,MID,poss_won_mid3rd_p90,1.89971056901794
2027,FWD,poss_won_mid3rd_p90,1.18418171540323
2027,OTHER,poss_won_mid3rd_p90,1.90197184236513
2026,GK,poss_won_mid3rd_p90,0.0254444501302972
2026,DEF,poss_won_mid3rd_p90,1.45677080641058
2026,MID,poss_won_mid3rd_p90,2.28082954256881
2026,FWD,poss_won_mid3rd_p90,1.49124864450609
2026,OTHER,poss_won_mid3rd_p90,2.19347352657811
2025,GK,poss_won_mid3rd_p90,0.0204882435367376
2025,DEF,poss_won_mid3rd_p90,1.47414276319204
2025,MID,poss_won_mid3rd_p90,2.41654796307829
2025,FWD,poss_won_mid3rd_p90,1.53161881606729
2025,OTHER,poss_won_mid3rd_p90,2.20375926985888
2024,GK,poss_won_mid3rd_p90,0.0289965768797271
2024,DEF,poss_won_mid3rd_p90,1.74888689917095
2024,MID,poss_won_mid3rd_p90,2.7027053817949
2024,FWD,poss_won_mid3rd_p90,1.66494057724323
2024,OTHER,poss_won_mid3rd_p90,2.5020939695219
2023,GK,poss_won_mid3rd_p90,0.0385174813365136
2023,DEF,poss_won_mid3rd_p90,2.06444412145995
2023,MID,poss_won_mid3rd_p90,3.05782865484576
2023,FWD,poss_won_mid3rd_p90,1.73458266110736
2023,OTHER,poss_won_mid3rd_p90,2.71327168187221
2022,GK,poss_won_mid3rd_p90,0.0277459435797921
2022,DEF,poss_won_mid3rd_p90,2.01700596386166
2022,MID,poss_won_mid3rd_p90,3.08460149824514
2022,FWD,poss_won_mid3rd_p90,1.75284081830538
2022,OTHER,poss_won_mid3rd_p90,2.67747099231884
2021,GK,poss_won_mid3rd_p90,0.02467313909236
2021,DEF,poss_won_mid3rd_p90,1.87055961017
2021,MID,poss_won_mid3rd_p90,3.03814736487681
2021,FWD,poss_won_mid3rd_p90,1.79226563348583
2021,OTHER,poss_won_mid3rd_p90,2.57527564480607
2020,GK,poss_won_mid3rd_p90,0.0211080969136258
2020,DEF,poss_won_mid3rd_p90,1.83444945784703
2020,MID,poss_won_mid3rd_p90,3.06483834036536
2020,FWD,poss_won_mid3rd_p90,1.77141719923035
2020,OTHER,poss_won_mid3rd_p90,2.58998646911023
2019,GK,poss_won_mid3rd_p90,0.0165602549843259
2019,DEF,poss_won_mid3rd_p90,1.71739991824624
2019,MID,poss_won_mid3rd_p90,2.95936343372874
2019,FWD,poss_won_mid3rd_p90,1.72902762477905
2019,OTHER,poss_won_mid3rd_p90,2.51315280727938
2018,GK,poss_won_mid3rd_p90,0.0141947270413089
2018,DEF,poss_won_mid3rd_p90,1.69074325357444
2018,MID,poss_won_mid3rd_p90,3.02795464223074
2018,FWD,poss_won_mid3rd_p90,1.68950324326082
2018,OTHER,poss_won_mid3rd_p90,2.63736701054305
2017,GK,poss_won_mid3rd_p90,0.00816017785054455
2017,DEF,poss_won_mid3rd_p90,1.63931325856835
2017,MID,poss_won_mid3rd_p90,3.1470445197931
2017,FWD,poss_won_mid3rd_p90,1.79470143080055
2017,OTHER,poss_won_mid3rd_p90,2.70803878955266
2016,GK,poss_won_mid3rd_p90,0.00691030516649662
2016,DEF,poss_won_mid3rd_p90,1.54443111487647
2016,MID,poss_won_mid3rd_p90,3.07344286673735
2016,FWD,poss_won_mid3rd_p90,1.77118575696316
2016,OTHER,poss_won_mid3rd_p90,2.32434205895367
2015,GK,poss_won_mid3rd_p90,0.00391583317607096
2015,DEF,poss_won_mid3rd_p90,1.43235892627411
2015,MID,poss_won_mid3rd_p90,3.11383197475974
2015,FWD,poss_won_mid3rd_p90,1.87351833033237
2015,OTHER,poss_won_mid3rd_p90,2.48492500014067
2014,GK,poss_won_mid3rd_p90,0.0050125313283208
2014,DEF,poss_won_mid3rd_p90,1.47259221597709
2014,MID,poss_won_mid3rd_p90,3.15943125278333
2014,FWD,poss_won_mid3rd_p90,1.96434009974931
2014,OTHER,poss_won_mid3rd_p90,2.32484352078536
2027,GK,poss_won_att3rd_p90,0
2027,DEF,poss_won_att3rd_p90,0.106981939406903
2027,MID,poss_won_att3rd_p90,0.401683776841492
2027,FWD,poss_won_att3rd_p90,0.466815820637294
2027,OTHER,poss_won_att3rd_p90,0.4334072866653
2026,GK,poss_won_att3rd_p90,0.000366327203458129
2026,DEF,poss_won_att3rd_p90,0.122811921194354
2026,MID,poss_won_att3rd_p90,0.448109525918185
2026,FWD,poss_won_att3rd_p90,0.571316010983949
2026,OTHER,poss_won_att3rd_p90,0.508867490595288
2025,GK,poss_won_att3rd_p90,0.000398989227290863
2025,DEF,poss_won_att3rd_p90,0.1193421683989
2025,MID,poss_won_att3rd_p90,0.446285170543114
2025,FWD,poss_won_att3rd_p90,0.583713411126206
2025,OTHER,poss_won_att3rd_p90,0.49449425309201
2024,GK,poss_won_att3rd_p90,0.0002859040774088
2024,DEF,poss_won_att3rd_p90,0.139914443329516
2024,MID,poss_won_att3rd_p90,0.501199813136157
2024,FWD,poss_won_att3rd_p90,0.635180498488811
2024,OTHER,poss_won_att3rd_p90,0.555485954232915
2023,GK,poss_won_att3rd_p90,0.000140656867571559
2023,DEF,poss_won_att3rd_p90,0.162573350154608
2023,MID,poss_won_att3rd_p90,0.556415867333227
2023,FWD,poss_won_att3rd_p90,0.659118972320391
2023,OTHER,poss_won_att3rd_p90,0.602911407130299
2022,GK,poss_won_att3rd_p90,0.000138908181691902
2022,DEF,poss_won_att3rd_p90,0.156745648010223
2022,MID,poss_won_att3rd_p90,0.538645738324309
2022,FWD,poss_won_att3rd_p90,0.663150315443179
2022,OTHER,poss_won_att3rd_p90,0.599350005890026
2021,GK,poss_won_att3rd_p90,0.000214838155256374
2021,DEF,poss_won_att3rd_p90,0.141347960502997
2021,MID,poss_won_att3rd_p90,0.51971396910837
2021,FWD,poss_won_att3rd_p90,0.640374938394339
2021,OTHER,poss_won_att3rd_p90,0.553349080973812
2020,GK,poss_won_att3rd_p90,0.00783076203833567
2020,DEF,poss_won_att3rd_p90,0.153823254059581
2020,MID,poss_won_att3rd_p90,0.496298036903516
2020,FWD,poss_won_att3rd_p90,0.608000441397752
2020,OTHER,poss_won_att3rd_p90,0.567153887944948
2019,GK,poss_won_att3rd_p90,0.000496565422494414
2019,DEF,poss_won_att3rd_p90,0.120108012718085
2019,MID,poss_won_att3rd_p90,0.452137801577583
2019,FWD,poss_won_att3rd_p90,0.544763467206933
2019,OTHER,poss_won_att3rd_p90,0.514751118226414
2018,GK,poss_won_att3rd_p90,0.000166333998669328
2018,DEF,poss_won_att3rd_p90,0.110675065418019
2018,MID,poss_won_att3rd_p90,0.43941310524141
2018,FWD,poss_won_att3rd_p90,0.54643108390119
2018,OTHER,poss_won_att3rd_p90,0.510352865649395
2017,GK,poss_won_att3rd_p90,0.000740375123395854
2017,DEF,poss_won_att3rd_p90,0.0985214236408282
2017,MID,poss_won_att3rd_p90,0.41260338553393
2017,FWD,poss_won_att3rd_p90,0.539651625272786
2017,OTHER,poss_won_att3rd_p90,0.51734969662472
2016,GK,poss_won_att3rd_p90,0.000556534644281607
2016,DEF,poss_won_att3rd_p90,0.0900263306325932
2016,MID,poss_won_att3rd_p90,0.390921906297856
2016,FWD,poss_won_att3rd_p90,0.533315942838566
2016,OTHER,poss_won_att3rd_p90,0.386672743703637
2015,GK,poss_won_att3rd_p90,0.000377429703717683
2015,DEF,poss_won_att3rd_p90,0.0819088804504245
2015,MID,poss_won_att3rd_p90,0.361797879194178
2015,FWD,poss_won_att3rd_p90,0.552024094118221
2015,OTHER,poss_won_att3rd_p90,0.40888146765245
2014,GK,poss_won_att3rd_p90,0.0018796992481203
2014,DEF,poss_won_att3rd_p90,0.0776667616973055
2014,MID,poss_won_att3rd_p90,0.317135847021277
2014,FWD,poss_won_att3rd_p90,0.477267448694242
2014,OTHER,poss_won_att3rd_p90,0.348150393517776
2027,GK,ball_recovery_p90,7.19413397460985
2027,DEF,ball_recovery_p90,3.14927391947835
2027,MID,ball_recovery_p90,3.67579374712436
2027,FWD,ball_recovery_p90,2.37713419062356
2027,OTHER,ball_recovery_p90,3.87555765991774
2026,GK,ball_recovery_p90,8.13199007784407
2026,DEF,ball_recovery_p90,3.6833501277331
2026,MID,ball_recovery_p90,4.36008348745765
2026,FWD,ball_recovery_p90,2.90840912331359
2026,OTHER,ball_recovery_p90,4.49660191964617
2025,GK,ball_recovery_p90,7.89714249076467
2025,DEF,ball_recovery_p90,3.78192726444961
2025,MID,ball_recovery_p90,4.56240611373509
2025,FWD,ball_recovery_p90,2.98592050403144
2025,OTHER,ball_recovery_p90,4.47800137498659
2024,GK,ball_recovery_p90,8.0989353466258
2024,DEF,ball_recovery_p90,4.55649773689292
2024,MID,ball_recovery_p90,5.16920400039587
2024,FWD,ball_recovery_p90,3.26843489916493
2024,OTHER,ball_recovery_p90,5.12453137836201
2023,GK,ball_recovery_p90,8.25011307789093
2023,DEF,ball_recovery_p90,5.51466672583589
2023,MID,ball_recovery_p90,5.86439349240737
2023,FWD,ball_recovery_p90,3.44075278511315
2023,OTHER,ball_recovery_p90,5.71842188983953
2022,GK,ball_recovery_p90,8.35493929539328
2022,DEF,ball_recovery_p90,5.47693494854259
2022,MID,ball_recovery_p90,5.88642853110748
2022,FWD,ball_recovery_p90,3.42224981199638
2022,OTHER,ball_recovery_p90,5.56154409334408
2021,GK,ball_recovery_p90,8.40211786938071
2021,DEF,ball_recovery_p90,5.25992632771439
2021,MID,ball_recovery_p90,5.78742335054305
2021,FWD,ball_recovery_p90,3.42649868705812
2021,OTHER,ball_recovery_p90,5.29048083654044
2020,GK,ball_recovery_p90,8.39697701294468
2020,DEF,ball_recovery_p90,5.16018300900652
2020,MID,ball_recovery_p90,5.77935194655616
2020,FWD,ball_recovery_p90,3.36358918162343
2020,OTHER,ball_recovery_p90,5.25418664015155
2019,GK,ball_recovery_p90,8.16980016712194
2019,DEF,ball_recovery_p90,4.86042401568293
2019,MID,ball_recovery_p90,5.48872884108208
2019,FWD,ball_recovery_p90,3.13570823304477
2019,OTHER,ball_recovery_p90,5.02784629465251
2018,GK,ball_recovery_p90,8.51364339417189
2018,DEF,ball_recovery_p90,4.85363269922728
2018,MID,ball_recovery_p90,5.50471625346682
2018,FWD,ball_recovery_p90,2.92738902798119
2018,OTHER,ball_recovery_p90,5.13083705330343
2017,GK,ball_recovery_p90,8.91594386691872
2017,DEF,ball_recovery_p90,4.70060807571375
2017,MID,ball_recovery_p90,5.52543731396238
2017,FWD,ball_recovery_p90,3.0578550395476
2017,OTHER,ball_recovery_p90,5.16760926219001
2016,GK,ball_recovery_p90,9.04308212792495
2016,DEF,ball_recovery_p90,4.48403180420446
2016,MID,ball_recovery_p90,5.34550409516421
2016,FWD,ball_recovery_p90,2.96123823067161
2016,OTHER,ball_recovery_p90,4.42548707749207
2015,GK,ball_recovery_p90,9.42091111210082
2015,DEF,ball_recovery_p90,4.15469048647806
2015,MID,ball_recovery_p90,5.27175728883891
2015,FWD,ball_recovery_p90,3.04856058546411
2015,OTHER,ball_recovery_p90,4.65385295968148
2014,GK,ball_recovery_p90,9.8826809669055
2014,DEF,ball_recovery_p90,4.30484869252315
2014,MID,ball_recovery_p90,5.25907146359641
2014,FWD,ball_recovery_p90,3.25451420796881
2014,OTHER,ball_recovery_p90,4.37201230247213
2027,GK,dispossessed_p90,0.00630630630630631
2027,DEF,dispossessed_p90,0.271425276485849
2027,MID,dispossessed_p90,0.759199515381706
2027,FWD,dispossessed_p90,1.07498260009772
2027,OTHER,dispossessed_p90,1.10585314240588
2026,GK,dispossessed_p90,0.00337443712416238
2026,DEF,dispossessed_p90,0.312004145381512
2026,MID,dispossessed_p90,0.896648458885038
2026,FWD,dispossessed_p90,1.27273923162152
2026,OTHER,dispossessed_p90,1.29307902074005
2025,GK,dispossessed_p90,0.00319191381832691
2025,DEF,dispossessed_p90,0.338922605589345
2025,MID,dispossessed_p90,0.977012084077192
2025,FWD,dispossessed_p90,1.37771066635531
2025,OTHER,dispossessed_p90,1.29277021910496
2024,GK,dispossessed_p90,0.00386805090421969
2024,DEF,dispossessed_p90,0.337438556610527
2024,MID,dispossessed_p90,0.964271897736806
2024,FWD,dispossessed_p90,1.35556663663942
2024,OTHER,dispossessed_p90,1.34198803323054
2023,GK,dispossessed_p90,0.00267248048385962
2023,DEF,dispossessed_p90,0.335020296302387
2023,MID,dispossessed_p90,0.987298197725472
2023,FWD,dispossessed_p90,1.38623042891247
2023,OTHER,dispossessed_p90,1.39844956209585
2022,GK,dispossessed_p90,0.0029873062894191
2022,DEF,dispossessed_p90,0.335870331182985
2022,MID,dispossessed_p90,0.988149306146041
2022,FWD,dispossessed_p90,1.39681481594006
2022,OTHER,dispossessed_p90,1.36490141830119
2021,GK,dispossessed_p90,0.00313926773803191
2021,DEF,dispossessed_p90,0.330490143994878
2021,MID,dispossessed_p90,0.996985416617279
2021,FWD,dispossessed_p90,1.41554223126426
2021,OTHER,dispossessed_p90,1.33046578394536
2020,GK,dispossessed_p90,0.00257129499766246
2020,DEF,dispossessed_p90,0.357350287448907
2020,MID,dispossessed_p90,1.09490285054684
2020,FWD,dispossessed_p90,1.57406270214681
2020,OTHER,dispossessed_p90,1.57508213110347
2019,GK,dispossessed_p90,0.00226463927531543
2019,DEF,dispossessed_p90,0.373258865795201
2019,MID,dispossessed_p90,1.20217158599833
2019,FWD,dispossessed_p90,1.65267734469604
2019,OTHER,dispossessed_p90,1.63951244514009
2018,GK,dispossessed_p90,0.00325390884896873
2018,DEF,dispossessed_p90,0.381614626883421
2018,MID,dispossessed_p90,1.31219313482811
2018,FWD,dispossessed_p90,1.7218615247465
2018,OTHER,dispossessed_p90,1.78411125371116
2017,GK,dispossessed_p90,0.00329055610398157
2017,DEF,dispossessed_p90,0.399989284545829
2017,MID,dispossessed_p90,1.36281364480904
2017,FWD,dispossessed_p90,1.82249981732676
2017,OTHER,dispossessed_p90,1.85777551663466
2016,GK,dispossessed_p90,0.00363907584754
2016,DEF,dispossessed_p90,0.394441820337753
2016,MID,dispossessed_p90,1.38120708791481
2016,FWD,dispossessed_p90,1.85180630048287
2016,OTHER,dispossessed_p90,1.5383177182187
2015,GK,dispossessed_p90,0.00558522105040316
2015,DEF,dispossessed_p90,0.382868691843602
2015,MID,dispossessed_p90,1.35414708092251
2015,FWD,dispossessed_p90,1.89497114894449
2015,OTHER,dispossessed_p90,1.58595559813678
2014,GK,dispossessed_p90,0.006265664160401
2014,DEF,dispossessed_p90,0.380176943130527
2014,MID,dispossessed_p90,1.33409773689444
2014,FWD,dispossessed_p90,1.80357245791458
2014,OTHER,dispossessed_p90,1.68086819013834
2027,GK,turnover_p90,0.0323458073458073
2027,DEF,turnover_p90,0.666552439165248
2027,MID,turnover_p90,1.34879772439056
2027,FWD,turnover_p90,2.19548287424168
2027,OTHER,turnover_p90,2.13316958602292
2026,GK,turnover_p90,0.0308060324544078
2026,DEF,turnover_p90,0.789542629964343
2026,MID,turnover_p90,1.62296943530731
2026,FWD,turnover_p90,2.59095212452936
2026,OTHER,turnover_p90,2.56810309592219
2025,GK,turnover_p90,0.0294771958683576
2025,DEF,turnover_p90,0.768448268263502
2025,MID,turnover_p90,1.54468682078995
2025,FWD,turnover_p90,2.46783065012793
2025,OTHER,turnover_p90,2.31768966939951
2024,GK,turnover_p90,0.029541241276136
2024,DEF,turnover_p90,0.758297666719849
2024,MID,turnover_p90,1.57027854755425
2024,FWD,turnover_p90,2.53759075937359
2024,OTHER,turnover_p90,2.42260475774497
2023,GK,turnover_p90,0.0305284141101361
2023,DEF,turnover_p90,0.728775311052314
2023,MID,turnover_p90,1.58645963867091
2023,FWD,turnover_p90,2.55824789599337
2023,OTHER,turnover_p90,2.41251547563887
2022,GK,turnover_p90,0.0311410210551854
2022,DEF,turnover_p90,0.781284753445863
2022,MID,turnover_p90,1.71989988333568
2022,FWD,turnover_p90,2.77377482664747
2022,OTHER,turnover_p90,2.57106558553644
2021,GK,turnover_p90,0.0331862762643269
2021,DEF,turnover_p90,0.741505601142408
2021,MID,turnover_p90,1.67198386137375
2021,FWD,turnover_p90,2.70323490279894
2021,OTHER,turnover_p90,2.42912019897077
2020,GK,turnover_p90,0.0312476270695157
2020,DEF,turnover_p90,0.707577254671592
2020,MID,turnover_p90,1.63054331693902
2020,FWD,turnover_p90,2.65677223963079
2020,OTHER,turnover_p90,2.54269362325152
2019,GK,turnover_p90,0.0364230085653104
2019,DEF,turnover_p90,0.65401325842819
2019,MID,turnover_p90,1.57528422723939
2019,FWD,turnover_p90,2.51446631962414
2019,OTHER,turnover_p90,2.36898217108055
2018,GK,turnover_p90,0.0372717276516386
2018,DEF,turnover_p90,0.635693250742647
2018,MID,turnover_p90,1.55764199196332
2018,FWD,turnover_p90,2.48175394461504
2018,OTHER,turnover_p90,2.3619196082546
2017,GK,turnover_p90,0.0429276895655635
2017,DEF,turnover_p90,0.64116369135275
2017,MID,turnover_p90,1.56809976493524
2017,FWD,turnover_p90,2.47255227358225
2017,OTHER,turnover_p90,2.2749966493072
2016,GK,turnover_p90,0.0416231087546852
2016,DEF,turnover_p90,0.603350239704818
2016,MID,turnover_p90,1.5153447589454
2016,FWD,turnover_p90,2.44666622465745
2016,OTHER,turnover_p90,1.78201154256703
2015,GK,turnover_p90,0.0490342827942036
2015,DEF,turnover_p90,0.648285709037552
2015,MID,turnover_p90,1.4951299898377
2015,FWD,turnover_p90,2.4323388574926
2015,OTHER,turnover_p90,1.88489900962954
2014,GK,turnover_p90,0.0393170426065163
2014,DEF,turnover_p90,0.536716874881993
2014,MID,turnover_p90,1.26873119168636
2014,FWD,turnover_p90,2.09639324622516
2014,OTHER,turnover_p90,1.66146581617165
2027,GK,times_tackled_p90,0.00810810810810811
2027,DEF,times_tackled_p90,0.558786812062725
2027,MID,times_tackled_p90,1.46179030834195
2027,FWD,times_tackled_p90,2.13549558309991
2027,OTHER,times_tackled_p90,2.31224095073776
2026,GK,times_tackled_p90,0.00455349956506017
2026,DEF,times_tackled_p90,0.640988834222966
2026,MID,times_tackled_p90,1.71161635063591
2026,FWD,times_tackled_p90,2.52653035940693
2026,OTHER,times_tackled_p90,2.66232686190221
2025,GK,times_tackled_p90,0.00518760712561885
2025,DEF,times_tackled_p90,0.68509009144278
2025,MID,times_tackled_p90,1.80040905487313
2025,FWD,times_tackled_p90,2.68228680765468
2025,OTHER,times_tackled_p90,2.59696169200684
2024,GK,times_tackled_p90,0.00567724286370102
2024,DEF,times_tackled_p90,0.674971022132237
2024,MID,times_tackled_p90,1.7770397555945
2024,FWD,times_tackled_p90,2.68198383184814
2024,OTHER,times_tackled_p90,2.67514318943232
2023,GK,times_tackled_p90,0.00509087424592959
2023,DEF,times_tackled_p90,0.677574818341869
2023,MID,times_tackled_p90,1.81438305640187
2023,FWD,times_tackled_p90,2.66663039379227
2023,OTHER,times_tackled_p90,2.75993812790016
2022,GK,times_tackled_p90,0.00465498485276513
2022,DEF,times_tackled_p90,0.667683892598742
2022,MID,times_tackled_p90,1.7688405775794
2022,FWD,times_tackled_p90,2.61511217796178
2022,OTHER,times_tackled_p90,2.64109606099244
2021,GK,times_tackled_p90,0.00449990938798894
2021,DEF,times_tackled_p90,0.620689125330237
2021,MID,times_tackled_p90,1.69552016057354
2021,FWD,times_tackled_p90,2.48982783106013
2021,OTHER,times_tackled_p90,2.40702277209052
2020,GK,times_tackled_p90,0.000818139317438055
2020,DEF,times_tackled_p90,0.151471854619133
2020,MID,times_tackled_p90,0.438665021768156
2020,FWD,times_tackled_p90,0.619767667539474
2020,OTHER,times_tackled_p90,0.662408109543139
2019,GK,times_tackled_p90,0.000744848133741621
2019,DEF,times_tackled_p90,0.121538617041894
2019,MID,times_tackled_p90,0.352070041987401
2019,FWD,times_tackled_p90,0.548758496056895
2019,OTHER,times_tackled_p90,0.523962921503844
2018,GK,times_tackled_p90,0.000499001996007984
2018,DEF,times_tackled_p90,0.0743056510562441
2018,MID,times_tackled_p90,0.211434473008905
2018,FWD,times_tackled_p90,0.34418780669696
2018,OTHER,times_tackled_p90,0.308596379384919
2017,GK,times_tackled_p90,0.000411319512997697
2017,DEF,times_tackled_p90,0.103495519004639
2017,MID,times_tackled_p90,0.287568715989821
2017,FWD,times_tackled_p90,0.595955965095639
2017,OTHER,times_tackled_p90,0.471396258120286
2016,GK,times_tackled_p90,0.000742046192375475
2016,DEF,times_tackled_p90,0.136142735372839
2016,MID,times_tackled_p90,0.41842269813447
2016,FWD,times_tackled_p90,0.755652522331216
2016,OTHER,times_tackled_p90,0.678069399742537
2015,GK,times_tackled_p90,0.00181301054107244
2015,DEF,times_tackled_p90,0.17500698729236
2015,MID,times_tackled_p90,0.522293036563508
2015,FWD,times_tackled_p90,1.00081754759328
2015,OTHER,times_tackled_p90,0.615536066928188
2014,GK,times_tackled_p90,0.0018796992481203
2014,DEF,times_tackled_p90,0.42497191858799
2014,MID,times_tackled_p90,1.12385554912948
2014,FWD,times_tackled_p90,1.95504269929452
2014,OTHER,times_tackled_p90,1.79491376821004
2027,GK,corners_taken_p90,0
2027,DEF,corners_taken_p90,0.134443419247582
2027,MID,corners_taken_p90,0.65210313152091
2027,FWD,corners_taken_p90,0.433619916761724
2027,OTHER,corners_taken_p90,0.583292132163532
2026,GK,corners_taken_p90,7.32654406916258e-05
2026,DEF,corners_taken_p90,0.150655371601228
2026,MID,corners_taken_p90,0.725094741739944
2026,FWD,corners_taken_p90,0.524573605994497
2026,OTHER,corners_taken_p90,0.636200174113421
2025,GK,corners_taken_p90,0
2025,DEF,corners_taken_p90,0.140337347406077
2025,MID,corners_taken_p90,0.743373931515971
2025,FWD,corners_taken_p90,0.536780498648032
2025,OTHER,corners_taken_p90,0.622289154320103
2024,GK,corners_taken_p90,0
2024,DEF,corners_taken_p90,0.143830563413835
2024,MID,corners_taken_p90,0.777353443005933
2024,FWD,corners_taken_p90,0.528885871517267
2024,OTHER,corners_taken_p90,0.645980733616288
2023,GK,corners_taken_p90,0
2023,DEF,corners_taken_p90,0.126051180045499
2023,MID,corners_taken_p90,0.782771861146044
2023,FWD,corners_taken_p90,0.529848431563734
2023,OTHER,corners_taken_p90,0.658084718702187
2022,GK,corners_taken_p90,0
2022,DEF,corners_taken_p90,0.133988845895289
2022,MID,corners_taken_p90,0.786968795897681
2022,FWD,corners_taken_p90,0.51660662028699
2022,OTHER,corners_taken_p90,0.629451493840489
2021,GK,corners_taken_p90,0
2021,DEF,corners_taken_p90,0.122546620653011
2021,MID,corners_taken_p90,0.771622739044826
2021,FWD,corners_taken_p90,0.529413788723107
2021,OTHER,corners_taken_p90,0.647298909571708
2020,GK,corners_taken_p90,0
2020,DEF,corners_taken_p90,0.132229542427581
2020,MID,corners_taken_p90,0.835508105657305
2020,FWD,corners_taken_p90,0.514495393073089
2020,OTHER,corners_taken_p90,0.683565481897333
2019,GK,corners_taken_p90,0.000413804518745345
2019,DEF,corners_taken_p90,0.129505326130665
2019,MID,corners_taken_p90,0.826807433176867
2019,FWD,corners_taken_p90,0.501868397219785
2019,OTHER,corners_taken_p90,0.713050253596575
2018,GK,corners_taken_p90,0.00041583499667332
2018,DEF,corners_taken_p90,0.123800309681604
2018,MID,corners_taken_p90,0.839747151983926
2018,FWD,corners_taken_p90,0.423021730229169
2018,OTHER,corners_taken_p90,0.717351835932567
2017,GK,corners_taken_p90,0.000740375123395854
2017,DEF,corners_taken_p90,0.12066127251752
2017,MID,corners_taken_p90,0.849436778106057
2017,FWD,corners_taken_p90,0.435439523335918
2017,OTHER,corners_taken_p90,0.769615178820765
2016,GK,corners_taken_p90,0.000185511548093869
2016,DEF,corners_taken_p90,0.100375182674384
2016,MID,corners_taken_p90,0.881565891411585
2016,FWD,corners_taken_p90,0.423734549000575
2016,OTHER,corners_taken_p90,0.641142922389226
2015,GK,corners_taken_p90,0
2015,DEF,corners_taken_p90,0.0954584182033779
2015,MID,corners_taken_p90,0.897217674380943
2015,FWD,corners_taken_p90,0.471419668261669
2015,OTHER,corners_taken_p90,0.682960336695863
2014,GK,corners_taken_p90,0
2014,DEF,corners_taken_p90,0.0844027712003314
2014,MID,corners_taken_p90,0.856997618479704
2014,FWD,corners_taken_p90,0.63112622988887
2014,OTHER,corners_taken_p90,0.699086793189269
2027,GK,corners_won_p90,0.00968468468468468
2027,DEF,corners_won_p90,0.237128787850506
2027,MID,corners_won_p90,0.402155168451222
2027,FWD,corners_won_p90,0.596322671243108
2027,OTHER,corners_won_p90,0.711551476207914
2026,GK,corners_won_p90,0.011866639145299
2026,DEF,corners_won_p90,0.264282600170864
2026,MID,corners_won_p90,0.469141070001504
2026,FWD,corners_won_p90,0.709320259598365
2026,OTHER,corners_won_p90,0.796719444532313
2025,GK,corners_won_p90,0.0125297963108842
2025,DEF,corners_won_p90,0.266035750610765
2025,MID,corners_won_p90,0.464129898103444
2025,FWD,corners_won_p90,0.734248362614448
2025,OTHER,corners_won_p90,0.737053437357048
2024,GK,corners_won_p90,0.0104009185723854
2024,DEF,corners_won_p90,0.270259775747126
2024,MID,corners_won_p90,0.468465152194305
2024,FWD,corners_won_p90,0.761796619458546
2024,OTHER,corners_won_p90,0.777433366319779
2023,GK,corners_won_p90,0.00987941555918599
2023,DEF,corners_won_p90,0.263665815311054
2023,MID,corners_won_p90,0.479043725294088
2023,FWD,corners_won_p90,0.751744186600867
2023,OTHER,corners_won_p90,0.785712170506393
2022,GK,corners_won_p90,0.00909729661844206
2022,DEF,corners_won_p90,0.27179177698112
2022,MID,corners_won_p90,0.479130325352391
2022,FWD,corners_won_p90,0.75397297913508
2022,OTHER,corners_won_p90,0.770865096022519
2021,GK,corners_won_p90,0.00943497565167574
2021,DEF,corners_won_p90,0.272078742962362
2021,MID,corners_won_p90,0.483195584590449
2021,FWD,corners_won_p90,0.729607081867519
2021,OTHER,corners_won_p90,0.728899980952632
2020,GK,corners_won_p90,0.0119565864382438
2020,DEF,corners_won_p90,0.278715769137663
2020,MID,corners_won_p90,0.500226743557963
2020,FWD,corners_won_p90,0.7749313320365
2020,OTHER,corners_won_p90,0.837730677041559
2019,GK,corners_won_p90,0.00913836225844833
2019,DEF,corners_won_p90,0.278419732344899
2019,MID,corners_won_p90,0.505661982072784
2019,FWD,corners_won_p90,0.746372861289702
2019,OTHER,corners_won_p90,0.828157153751622
2018,GK,corners_won_p90,0.00952719466584593
2018,DEF,corners_won_p90,0.272512329545681
2018,MID,corners_won_p90,0.529823242180742
2018,FWD,corners_won_p90,0.73210129866404
2018,OTHER,corners_won_p90,0.851533431131316
2017,GK,corners_won_p90,0.0126686410003291
2017,DEF,corners_won_p90,0.273724262372708
2017,MID,corners_won_p90,0.522761511488254
2017,FWD,corners_won_p90,0.748014269036877
2017,OTHER,corners_won_p90,0.854732287655094
2016,GK,corners_won_p90,0.00832483072071237
2016,DEF,corners_won_p90,0.270709508572769
2016,MID,corners_won_p90,0.526301691721157
2016,FWD,corners_won_p90,0.755264064268154
2016,OTHER,corners_won_p90,0.701856847080685
2015,GK,corners_won_p90,0.00943574259294206
2015,DEF,corners_won_p90,0.281599189311064
2015,MID,corners_won_p90,0.533029270963318
2015,FWD,corners_won_p90,0.815704708576615
2015,OTHER,corners_won_p90,0.78264487596988
2014,GK,corners_won_p90,0.0093984962406015
2014,DEF,corners_won_p90,0.288071691982887
2014,MID,corners_won_p90,0.488888445554004
2014,FWD,corners_won_p90,0.820666412372102
2014,OTHER,corners_won_p90,0.776618340840264
2027,GK,pen_area_entries_p90,0.427137485078662
2027,DEF,pen_area_entries_p90,1.77081714507216
2027,MID,pen_area_entries_p90,2.67168876988864
2027,FWD,pen_area_entries_p90,2.29348909374882
2027,OTHER,pen_area_entries_p90,3.28023399018631
2026,GK,pen_area_entries_p90,0.424020350869556
2026,DEF,pen_area_entries_p90,1.95431212823286
2026,MID,pen_area_entries_p90,3.14690398286339
2026,FWD,pen_area_entries_p90,2.66509266297831
2026,OTHER,pen_area_entries_p90,3.82351866331122
2025,GK,pen_area_entries_p90,0.33201073315581
2025,DEF,pen_area_entries_p90,1.9203965185704
2025,MID,pen_area_entries_p90,3.12715667455452
2025,FWD,pen_area_entries_p90,2.71289793722443
2025,OTHER,pen_area_entries_p90,3.58739941389955
2024,GK,pen_area_entries_p90,0.331383446440798
2024,DEF,pen_area_entries_p90,1.97213437042209
2024,MID,pen_area_entries_p90,3.18513249651818
2024,FWD,pen_area_entries_p90,2.75851490858508
2024,OTHER,pen_area_entries_p90,3.76263936489739
2023,GK,pen_area_entries_p90,0.314347342293266
2023,DEF,pen_area_entries_p90,1.96881310984339
2023,MID,pen_area_entries_p90,3.26871119829728
2023,FWD,pen_area_entries_p90,2.74586337730083
2023,OTHER,pen_area_entries_p90,3.74622319864485
2022,GK,pen_area_entries_p90,0.28232089543847
2022,DEF,pen_area_entries_p90,2.01058111132891
2022,MID,pen_area_entries_p90,3.25668352554853
2022,FWD,pen_area_entries_p90,2.74861704421914
2022,OTHER,pen_area_entries_p90,3.67348387148068
2021,GK,pen_area_entries_p90,0.264745984216044
2021,DEF,pen_area_entries_p90,2.01416972046596
2021,MID,pen_area_entries_p90,3.25106629160652
2021,FWD,pen_area_entries_p90,2.71138043213558
2021,OTHER,pen_area_entries_p90,3.59239371434741
2020,GK,pen_area_entries_p90,0.285799628753949
2020,DEF,pen_area_entries_p90,2.0603365483273
2020,MID,pen_area_entries_p90,3.26312582249745
2020,FWD,pen_area_entries_p90,2.73113323498448
2020,OTHER,pen_area_entries_p90,3.74639519127354
2019,GK,pen_area_entries_p90,0.25926946703661
2019,DEF,pen_area_entries_p90,2.03924430259358
2019,MID,pen_area_entries_p90,3.33456299360046
2019,FWD,pen_area_entries_p90,2.67874144486311
2019,OTHER,pen_area_entries_p90,3.81694065982366
2018,GK,pen_area_entries_p90,0.275098008734033
2018,DEF,pen_area_entries_p90,2.04720044908672
2018,MID,pen_area_entries_p90,3.42268540220373
2018,FWD,pen_area_entries_p90,2.47160623531367
2018,OTHER,pen_area_entries_p90,3.94776693694339
2017,GK,pen_area_entries_p90,0.308347568109337
2017,DEF,pen_area_entries_p90,2.11738960149171
2017,MID,pen_area_entries_p90,3.42457589717653
2017,FWD,pen_area_entries_p90,2.61534434097678
2017,OTHER,pen_area_entries_p90,4.07995832200127
2016,GK,pen_area_entries_p90,0.293614737907495
2016,DEF,pen_area_entries_p90,2.11331430483704
2016,MID,pen_area_entries_p90,3.48930477321975
2016,FWD,pen_area_entries_p90,2.54947701401722
2016,OTHER,pen_area_entries_p90,3.4307187900364
2015,GK,pen_area_entries_p90,0.278322821007401
2015,DEF,pen_area_entries_p90,1.96703727657446
2015,MID,pen_area_entries_p90,3.25401712703618
2015,FWD,pen_area_entries_p90,2.60077918565738
2015,OTHER,pen_area_entries_p90,3.24345604640943
2014,GK,pen_area_entries_p90,0.347305050520066
2014,DEF,pen_area_entries_p90,2.11459711819166
2014,MID,pen_area_entries_p90,3.41760695318979
2014,FWD,pen_area_entries_p90,3.13508986747103
2014,OTHER,pen_area_entries_p90,3.67990243151548
2027,GK,final_third_entries_p90,4.36896164084532
2027,DEF,final_third_entries_p90,5.14105389308329
2027,MID,final_third_entries_p90,4.50835595326331
2027,FWD,final_third_entries_p90,1.88900777982234
2027,OTHER,final_third_entries_p90,4.05814955845958
2026,GK,final_third_entries_p90,4.87438668347739
2026,DEF,final_third_entries_p90,5.775885437434
2026,MID,final_third_entries_p90,5.26678984186455
2026,FWD,final_third_entries_p90,2.33292018340777
2026,OTHER,final_third_entries_p90,4.93205011431962
2025,GK,final_third_entries_p90,4.21996561522963
2025,DEF,final_third_entries_p90,5.75169769876757
2025,MID,final_third_entries_p90,5.44606805034984
2025,FWD,final_third_entries_p90,2.40576918080206
2025,OTHER,final_third_entries_p90,4.8726668773708
2024,GK,final_third_entries_p90,4.16569764741515
2024,DEF,final_third_entries_p90,5.91398349779945
2024,MID,final_third_entries_p90,5.62902677923562
2024,FWD,final_third_entries_p90,2.48967537876465
2024,OTHER,final_third_entries_p90,5.09659815815454
2023,GK,final_third_entries_p90,4.24211977517855
2023,DEF,final_third_entries_p90,5.91900187710593
2023,MID,final_third_entries_p90,5.70829038715896
2023,FWD,final_third_entries_p90,2.55963878519175
2023,OTHER,final_third_entries_p90,5.11963316355153
2022,GK,final_third_entries_p90,4.00009335495931
2022,DEF,final_third_entries_p90,5.95125847965465
2022,MID,final_third_entries_p90,5.71797363981147
2022,FWD,final_third_entries_p90,2.61381198881574
2022,OTHER,final_third_entries_p90,5.03109065786249
2021,GK,final_third_entries_p90,4.00119263982587
2021,DEF,final_third_entries_p90,6.04827185773255
2021,MID,final_third_entries_p90,5.901910616518
2021,FWD,final_third_entries_p90,2.70023283104429
2021,OTHER,final_third_entries_p90,5.00579055868778
2020,GK,final_third_entries_p90,4.14300073799526
2020,DEF,final_third_entries_p90,5.80092198691061
2020,MID,final_third_entries_p90,5.67652064425382
2020,FWD,final_third_entries_p90,2.62935827766998
2020,OTHER,final_third_entries_p90,4.77841050287627
2019,GK,final_third_entries_p90,3.96551676352155
2019,DEF,final_third_entries_p90,5.53979560415995
2019,MID,final_third_entries_p90,5.55514168487704
2019,FWD,final_third_entries_p90,2.62728616428545
2019,OTHER,final_third_entries_p90,4.73116347634793
2018,GK,final_third_entries_p90,4.40371145582025
2018,DEF,final_third_entries_p90,5.78354736872369
2018,MID,final_third_entries_p90,5.7285942893304
2018,FWD,final_third_entries_p90,2.67048711107055
2018,OTHER,final_third_entries_p90,5.05641804381105
2017,GK,final_third_entries_p90,4.80582230245613
2017,DEF,final_third_entries_p90,5.94141957174297
2017,MID,final_third_entries_p90,5.94559855961119
2017,FWD,final_third_entries_p90,2.85903267500766
2017,OTHER,final_third_entries_p90,5.23526951015127
2016,GK,final_third_entries_p90,4.80953610655211
2016,DEF,final_third_entries_p90,5.96939248839261
2016,MID,final_third_entries_p90,5.94540745731503
2016,FWD,final_third_entries_p90,2.86376692349154
2016,OTHER,final_third_entries_p90,5.11495884725795
2015,GK,final_third_entries_p90,4.64973120726931
2015,DEF,final_third_entries_p90,6.00576786543865
2015,MID,final_third_entries_p90,6.30714476248964
2015,FWD,final_third_entries_p90,2.99998970058803
2015,OTHER,final_third_entries_p90,5.26791933972273
2014,GK,final_third_entries_p90,5.1347489684349
2014,DEF,final_third_entries_p90,5.96905944744926
2014,MID,final_third_entries_p90,7.07365268626362
2014,FWD,final_third_entries_p90,3.57603059324725
2014,OTHER,final_third_entries_p90,6.13613691187024
2027,GK,fouls_p90,0.0202702702702703
2027,DEF,fouls_p90,0.845174810541808
2027,MID,fouls_p90,1.08425371596249
2027,FWD,fouls_p90,0.989238223850064
2027,OTHER,fouls_p90,1.47190657868991
2026,GK,fouls_p90,0.0189145507783568
2026,DEF,fouls_p90,1.00252111200532
2026,MID,fouls_p90,1.2187299477829
2026,FWD,fouls_p90,1.20853842473867
2026,OTHER,fouls_p90,1.74940655787855
2025,GK,fouls_p90,0.0219588344551328
2025,DEF,fouls_p90,0.991650512281574
2025,MID,fouls_p90,1.24821783480415
2025,FWD,fouls_p90,1.19178735972869
2025,OTHER,fouls_p90,1.66693596397775
2024,GK,fouls_p90,0.0219133255767136
2024,DEF,fouls_p90,0.972353320581062
2024,MID,fouls_p90,1.25065650997072
2024,FWD,fouls_p90,1.17825936509579
2024,OTHER,fouls_p90,1.71385700679303
2023,GK,fouls_p90,0.0195610704115338
2023,DEF,fouls_p90,1.00399668032459
2023,MID,fouls_p90,1.29450696460973
2023,FWD,fouls_p90,1.20638585732835
2023,OTHER,fouls_p90,1.76167559248805
2022,GK,fouls_p90,0.0244935005295346
2022,DEF,fouls_p90,1.00959654160413
2022,MID,fouls_p90,1.32446939632322
2022,FWD,fouls_p90,1.21768263398807
2022,OTHER,fouls_p90,1.77760006337765
2021,GK,fouls_p90,0.0263067219112468
2021,DEF,fouls_p90,1.09890958663158
2021,MID,fouls_p90,1.42298715787621
2021,FWD,fouls_p90,1.33579640891799
2021,OTHER,fouls_p90,1.80504030487775
2020,GK,fouls_p90,0.0241188228438429
2020,DEF,fouls_p90,1.06979188338113
2020,MID,fouls_p90,1.42049158234262
2020,FWD,fouls_p90,1.34863705279869
2020,OTHER,fouls_p90,1.89297576054182
2019,GK,fouls_p90,0.0228992981717335
2019,DEF,fouls_p90,1.07505967887752
2019,MID,fouls_p90,1.41217292936533
2019,FWD,fouls_p90,1.42028602976904
2019,OTHER,fouls_p90,1.94501194625334
2018,GK,fouls_p90,0.022440634959356
2018,DEF,fouls_p90,1.10889445670199
2018,MID,fouls_p90,1.43709246378451
2018,FWD,fouls_p90,1.45602215853607
2018,OTHER,fouls_p90,2.00325568467616
2017,GK,fouls_p90,0.0272497441956802
2017,DEF,fouls_p90,1.13658752110274
2017,MID,fouls_p90,1.49146022977361
2017,FWD,fouls_p90,1.47321580090614
2017,OTHER,fouls_p90,2.05198833838769
2016,GK,fouls_p90,0.0265414186521106
2016,DEF,fouls_p90,1.12560825790054
2016,MID,fouls_p90,1.47028744606358
2016,FWD,fouls_p90,1.48674273127265
2016,OTHER,fouls_p90,1.75917143611175
2015,GK,fouls_p90,0.0316070922756867
2015,DEF,fouls_p90,1.19233499579899
2015,MID,fouls_p90,1.50320451553895
2015,FWD,fouls_p90,1.56213652540827
2015,OTHER,fouls_p90,1.86426974507821
2014,GK,fouls_p90,0.0310484568569375
2014,DEF,fouls_p90,1.20326313704593
2014,MID,fouls_p90,1.54496207353143
2014,FWD,fouls_p90,1.52401276184966
2014,OTHER,fouls_p90,1.74065132104052
2027,GK,was_fouled_p90,0.159128245892952
2027,DEF,was_fouled_p90,0.636625995312818
2027,MID,was_fouled_p90,1.03507503434437
2027,FWD,was_fouled_p90,1.15416650246349
2027,OTHER,was_fouled_p90,1.33448858886442
2026,GK,was_fouled_p90,0.186067491110998
2026,DEF,was_fouled_p90,0.745276181134226
2026,MID,was_fouled_p90,1.19400195600622
2026,FWD,was_fouled_p90,1.36858155331615
2026,OTHER,was_fouled_p90,1.51504940176001
2025,GK,was_fouled_p90,0.160542565203142
2025,DEF,was_fouled_p90,0.724975713812566
2025,MID,was_fouled_p90,1.21133199732756
2025,FWD,was_fouled_p90,1.39186435562535
2025,OTHER,was_fouled_p90,1.47445380702189
2024,GK,was_fouled_p90,0.143462476999931
2024,DEF,was_fouled_p90,0.709310786578833
2024,MID,was_fouled_p90,1.21508770758891
2024,FWD,was_fouled_p90,1.38240804154459
2024,OTHER,was_fouled_p90,1.53119263552218
2023,GK,was_fouled_p90,0.137509802244218
2023,DEF,was_fouled_p90,0.720983699138254
2023,MID,was_fouled_p90,1.25475795329927
2023,FWD,was_fouled_p90,1.42381904421584
2023,OTHER,was_fouled_p90,1.54790818718181
2022,GK,was_fouled_p90,0.134500980613492
2022,DEF,was_fouled_p90,0.731069185091696
2022,MID,was_fouled_p90,1.26452671195053
2022,FWD,was_fouled_p90,1.46019896623265
2022,OTHER,was_fouled_p90,1.56624225170151
2021,GK,was_fouled_p90,0.13638811719468
2021,DEF,was_fouled_p90,0.789701868544491
2021,MID,was_fouled_p90,1.35519092334551
2021,FWD,was_fouled_p90,1.5939646812492
2021,OTHER,was_fouled_p90,1.59044364651929
2020,GK,was_fouled_p90,0.143480485511953
2020,DEF,was_fouled_p90,0.78940687906351
2020,MID,was_fouled_p90,1.36181113781077
2020,FWD,was_fouled_p90,1.52739802678795
2020,OTHER,was_fouled_p90,1.66047840065898
2019,GK,was_fouled_p90,0.153283394134797
2019,DEF,was_fouled_p90,0.807983110106458
2019,MID,was_fouled_p90,1.39897216052456
2019,FWD,was_fouled_p90,1.56623465274933
2019,OTHER,was_fouled_p90,1.68364414065145
2018,GK,was_fouled_p90,0.154075022084299
2018,DEF,was_fouled_p90,0.810552914584374
2018,MID,was_fouled_p90,1.46207977254455
2018,FWD,was_fouled_p90,1.60051227315453
2018,OTHER,was_fouled_p90,1.78611245756591
2017,GK,was_fouled_p90,0.160991246034854
2017,DEF,was_fouled_p90,0.838881341345116
2017,MID,was_fouled_p90,1.494343541699
2017,FWD,was_fouled_p90,1.64468904555747
2017,OTHER,was_fouled_p90,1.7951820262691
2016,GK,was_fouled_p90,0.14947808558699
2016,DEF,was_fouled_p90,0.833425563852441
2016,MID,was_fouled_p90,1.47823827442738
2016,FWD,was_fouled_p90,1.65574422611432
2016,OTHER,was_fouled_p90,1.58963327053095
2015,GK,was_fouled_p90,0.173197965192864
2015,DEF,was_fouled_p90,0.856002104646502
2015,MID,was_fouled_p90,1.50825358129536
2015,FWD,was_fouled_p90,1.76027734467959
2015,OTHER,was_fouled_p90,1.7013578802719
2014,GK,was_fouled_p90,0.200829267120723
2014,DEF,was_fouled_p90,0.85933042946551
2014,MID,was_fouled_p90,1.50416638049963
2014,FWD,was_fouled_p90,1.75551055064544
2014,OTHER,was_fouled_p90,1.67370483507704
2027,GK,fwd_zone_pass_p90,9.90482478783536
2027,DEF,fwd_zone_pass_p90,19.4889289607392
2027,MID,fwd_zone_pass_p90,22.2827430156447
2027,FWD,fwd_zone_pass_p90,15.0791159288978
2027,OTHER,fwd_zone_pass_p90,24.292494263783
2026,GK,fwd_zone_pass_p90,11.8636167266422
2026,DEF,fwd_zone_pass_p90,21.3363679123514
2026,MID,fwd_zone_pass_p90,25.219627510512
2026,FWD,fwd_zone_pass_p90,17.9415342888296
2026,OTHER,fwd_zone_pass_p90,27.3624067182745
2025,GK,fwd_zone_pass_p90,10.7333147568445
2025,DEF,fwd_zone_pass_p90,21.1635469207013
2025,MID,fwd_zone_pass_p90,25.6006768849929
2025,FWD,fwd_zone_pass_p90,18.4267517824189
2025,OTHER,fwd_zone_pass_p90,26.5981486693713
2024,GK,fwd_zone_pass_p90,10.9437973933884
2024,DEF,fwd_zone_pass_p90,21.4676150219657
2024,MID,fwd_zone_pass_p90,26.1841562631381
2024,FWD,fwd_zone_pass_p90,18.9614026844013
2024,OTHER,fwd_zone_pass_p90,27.5954570724394
2023,GK,fwd_zone_pass_p90,11.3631118012519
2023,DEF,fwd_zone_pass_p90,20.9413648056595
2023,MID,fwd_zone_pass_p90,26.0145377796754
2023,FWD,fwd_zone_pass_p90,19.1814246350813
2023,OTHER,fwd_zone_pass_p90,27.5825094545115
2022,GK,fwd_zone_pass_p90,11.4282394122343
2022,DEF,fwd_zone_pass_p90,20.8549553168455
2022,MID,fwd_zone_pass_p90,26.1006928895472
2022,FWD,fwd_zone_pass_p90,19.3833303469533
2022,OTHER,fwd_zone_pass_p90,27.1430434285179
2021,GK,fwd_zone_pass_p90,11.4624732388522
2021,DEF,fwd_zone_pass_p90,21.2212504416582
2021,MID,fwd_zone_pass_p90,26.8841498103892
2021,FWD,fwd_zone_pass_p90,20.0017620972753
2021,OTHER,fwd_zone_pass_p90,27.079530680276
2020,GK,fwd_zone_pass_p90,12.4923541509233
2020,DEF,fwd_zone_pass_p90,21.0905448567136
2020,MID,fwd_zone_pass_p90,27.0776996208882
2020,FWD,fwd_zone_pass_p90,20.1409859032119
2020,OTHER,fwd_zone_pass_p90,28.1066575816284
2019,GK,fwd_zone_pass_p90,12.5032993820595
2019,DEF,fwd_zone_pass_p90,20.0549073235891
2019,MID,fwd_zone_pass_p90,26.5908763949494
2019,FWD,fwd_zone_pass_p90,19.6571075242013
2019,OTHER,fwd_zone_pass_p90,27.5891296689513
2018,GK,fwd_zone_pass_p90,13.4818985566881
2018,DEF,fwd_zone_pass_p90,20.0431836910727
2018,MID,fwd_zone_pass_p90,26.9393349783179
2018,FWD,fwd_zone_pass_p90,19.3912046110623
2018,OTHER,fwd_zone_pass_p90,28.646767594938
2017,GK,fwd_zone_pass_p90,14.4240481071298
2017,DEF,fwd_zone_pass_p90,19.7466116531535
2017,MID,fwd_zone_pass_p90,27.364182075173
2017,FWD,fwd_zone_pass_p90,20.268353439991
2017,OTHER,fwd_zone_pass_p90,29.0761747816299
2016,GK,fwd_zone_pass_p90,14.5128428992022
2016,DEF,fwd_zone_pass_p90,19.5787005229119
2016,MID,fwd_zone_pass_p90,27.6870664857778
2016,FWD,fwd_zone_pass_p90,21.1600154304714
2016,OTHER,fwd_zone_pass_p90,26.0688575973925
2015,GK,fwd_zone_pass_p90,14.1696747446188
2015,DEF,fwd_zone_pass_p90,19.0393124618896
2015,MID,fwd_zone_pass_p90,28.6158340780961
2015,FWD,fwd_zone_pass_p90,21.8412350550033
2015,OTHER,fwd_zone_pass_p90,27.3656448795805
2014,GK,fwd_zone_pass_p90,14.6931311685401
2014,DEF,fwd_zone_pass_p90,19.0546068975821
2014,MID,fwd_zone_pass_p90,29.8515873955301
2014,FWD,fwd_zone_pass_p90,23.3348969333993
2014,OTHER,fwd_zone_pass_p90,28.5034927145318
2027,GK,open_play_pass_p90,19.5980748601106
2027,DEF,open_play_pass_p90,40.7567521226613
2027,MID,open_play_pass_p90,33.419529502884
2027,FWD,open_play_pass_p90,18.4646029360801
2027,OTHER,open_play_pass_p90,33.6854494662122
2026,GK,open_play_pass_p90,19.9641936803468
2026,DEF,open_play_pass_p90,44.6484911249108
2026,MID,open_play_pass_p90,37.8389429483305
2026,FWD,open_play_pass_p90,21.9691908349516
2026,OTHER,open_play_pass_p90,37.540470312768
2025,GK,open_play_pass_p90,18.6081041483802
2025,DEF,open_play_pass_p90,45.1156376455533
2025,MID,open_play_pass_p90,38.7342611060511
2025,FWD,open_play_pass_p90,22.4873526989481
2025,OTHER,open_play_pass_p90,36.6842822113067
2024,GK,open_play_pass_p90,18.2152054970601
2024,DEF,open_play_pass_p90,46.235649775335
2024,MID,open_play_pass_p90,39.968486756095
2024,FWD,open_play_pass_p90,23.1599755457386
2024,OTHER,open_play_pass_p90,38.370873970273
2023,GK,open_play_pass_p90,16.2657819589067
2023,DEF,open_play_pass_p90,45.0998531993916
2023,MID,open_play_pass_p90,39.2852622573907
2023,FWD,open_play_pass_p90,23.3477741224513
2023,OTHER,open_play_pass_p90,38.22226579966
2022,GK,open_play_pass_p90,15.7363660973185
2022,DEF,open_play_pass_p90,44.8831348347078
2022,MID,open_play_pass_p90,39.4885678397749
2022,FWD,open_play_pass_p90,23.5322846232674
2022,OTHER,open_play_pass_p90,37.4318260584057
2021,GK,open_play_pass_p90,15.6136192679883
2021,DEF,open_play_pass_p90,45.2953350488365
2021,MID,open_play_pass_p90,40.6816749742286
2021,FWD,open_play_pass_p90,24.2787808301754
2021,OTHER,open_play_pass_p90,37.1620575644529
2020,GK,open_play_pass_p90,14.7556511015678
2020,DEF,open_play_pass_p90,44.2932166052707
2020,MID,open_play_pass_p90,40.4180417275528
2020,FWD,open_play_pass_p90,24.1628855349421
2020,OTHER,open_play_pass_p90,37.6838088916811
2019,GK,open_play_pass_p90,12.8104773987114
2019,DEF,open_play_pass_p90,40.5717531109607
2019,MID,open_play_pass_p90,38.9203593877958
2019,FWD,open_play_pass_p90,23.4136601175955
2019,OTHER,open_play_pass_p90,36.3321625120275
2018,GK,open_play_pass_p90,12.7485594156092
2018,DEF,open_play_pass_p90,39.862491298101
2018,MID,open_play_pass_p90,38.8869867622893
2018,FWD,open_play_pass_p90,22.9542315182809
2018,OTHER,open_play_pass_p90,37.5958973400379
2017,GK,open_play_pass_p90,12.6959807168663
2017,DEF,open_play_pass_p90,38.7688929965125
2017,MID,open_play_pass_p90,39.473534088862
2017,FWD,open_play_pass_p90,23.7971969906144
2017,OTHER,open_play_pass_p90,37.7284235657931
2016,GK,open_play_pass_p90,11.6830075879007
2016,DEF,open_play_pass_p90,38.3345662944122
2016,MID,open_play_pass_p90,39.5659050899584
2016,FWD,open_play_pass_p90,24.4061223406828
2016,OTHER,open_play_pass_p90,35.1324616232117
2015,GK,open_play_pass_p90,10.2196120354371
2015,DEF,open_play_pass_p90,36.6582799641484
2015,MID,open_play_pass_p90,40.2977544637446
2015,FWD,open_play_pass_p90,24.6150423929608
2015,OTHER,open_play_pass_p90,35.7497670830633
2014,GK,open_play_pass_p90,10.5604616984229
2014,DEF,open_play_pass_p90,36.6304447004867
2014,MID,open_play_pass_p90,42.7196503404431
2014,FWD,open_play_pass_p90,26.8628135929055
2014,OTHER,open_play_pass_p90,37.0863464800537
2027,GK,error_lead_to_shot_p90,0.0528942970119441
2027,DEF,error_lead_to_shot_p90,0.0446163484232562
2027,MID,error_lead_to_shot_p90,0.0371451898993779
2027,FWD,error_lead_to_shot_p90,0.0145250959259793
2027,OTHER,error_lead_to_shot_p90,0.0447697889168645
2026,GK,error_lead_to_shot_p90,0.0464253657557702
2026,DEF,error_lead_to_shot_p90,0.0524770445748194
2026,MID,error_lead_to_shot_p90,0.044413205159773
2026,FWD,error_lead_to_shot_p90,0.0173689931162531
2026,OTHER,error_lead_to_shot_p90,0.0374117836313006
2025,GK,error_lead_to_shot_p90,0.0423387052344624
2025,DEF,error_lead_to_shot_p90,0.0440704445419934
2025,MID,error_lead_to_shot_p90,0.0333134826413602
2025,FWD,error_lead_to_shot_p90,0.012506691723238
2025,OTHER,error_lead_to_shot_p90,0.0272632280303005
2024,GK,error_lead_to_shot_p90,0.0312038124510787
2024,DEF,error_lead_to_shot_p90,0.023469795033764
2024,MID,error_lead_to_shot_p90,0.0148422934523506
2024,FWD,error_lead_to_shot_p90,0.0046116484415367
2024,OTHER,error_lead_to_shot_p90,0.0126108331881451
2023,GK,error_lead_to_shot_p90,0.0255299274826832
2023,DEF,error_lead_to_shot_p90,0.0196355887741132
2023,MID,error_lead_to_shot_p90,0.0105219792620091
2023,FWD,error_lead_to_shot_p90,0.00269142836127447
2023,OTHER,error_lead_to_shot_p90,0.00903705817027976
2022,GK,error_lead_to_shot_p90,0.0230034689179491
2022,DEF,error_lead_to_shot_p90,0.0174572685311125
2022,MID,error_lead_to_shot_p90,0.0109988308738879
2022,FWD,error_lead_to_shot_p90,0.00342299290204016
2022,OTHER,error_lead_to_shot_p90,0.00986119861665079
2021,GK,error_lead_to_shot_p90,0.0262496763655995
2021,DEF,error_lead_to_shot_p90,0.016996119555896
2021,MID,error_lead_to_shot_p90,0.0106998047309929
2021,FWD,error_lead_to_shot_p90,0.0027553565578732
2021,OTHER,error_lead_to_shot_p90,0.00806813959319335
2020,GK,error_lead_to_shot_p90,0.0252220310300979
2020,DEF,error_lead_to_shot_p90,0.0219745526702857
2020,MID,error_lead_to_shot_p90,0.0147770358312355
2020,FWD,error_lead_to_shot_p90,0.00479734652343815
2020,OTHER,error_lead_to_shot_p90,0.00985738210768254
2019,GK,error_lead_to_shot_p90,0.0309709955402987
2019,DEF,error_lead_to_shot_p90,0.0228195110376238
2019,MID,error_lead_to_shot_p90,0.0140578140269141
2019,FWD,error_lead_to_shot_p90,0.00419369598832787
2019,OTHER,error_lead_to_shot_p90,0.0131618360824622
2018,GK,error_lead_to_shot_p90,0.0345122678676241
2018,DEF,error_lead_to_shot_p90,0.0227462714400316
2018,MID,error_lead_to_shot_p90,0.0114644210733461
2018,FWD,error_lead_to_shot_p90,0.00301774712955322
2018,OTHER,error_lead_to_shot_p90,0.0116905946776295
2017,GK,error_lead_to_shot_p90,0.0311371149013283
2017,DEF,error_lead_to_shot_p90,0.0216833247978505
2017,MID,error_lead_to_shot_p90,0.0123730232559863
2017,FWD,error_lead_to_shot_p90,0.00405109970874962
2017,OTHER,error_lead_to_shot_p90,0.010358455762993
2016,GK,error_lead_to_shot_p90,0.0322161013206869
2016,DEF,error_lead_to_shot_p90,0.0268664679850877
2016,MID,error_lead_to_shot_p90,0.0148200022947271
2016,FWD,error_lead_to_shot_p90,0.00426455244940026
2016,OTHER,error_lead_to_shot_p90,0.00814815743699996
2015,GK,error_lead_to_shot_p90,0.0307242443119642
2015,DEF,error_lead_to_shot_p90,0.0259210813879633
2015,MID,error_lead_to_shot_p90,0.0131658578583172
2015,FWD,error_lead_to_shot_p90,0.00240570792282388
2015,OTHER,error_lead_to_shot_p90,0.0135161437873026
2014,GK,error_lead_to_shot_p90,0.0332080200501253
2014,DEF,error_lead_to_shot_p90,0.029154878407581
2014,MID,error_lead_to_shot_p90,0.0165711101742895
2014,FWD,error_lead_to_shot_p90,0.00726492731979449
2014,OTHER,error_lead_to_shot_p90,0.0135391973456131
2027,GK,error_lead_to_goal_p90,0.0376126126126126
2027,DEF,error_lead_to_goal_p90,0.0183443526136962
2027,MID,error_lead_to_goal_p90,0.0113493148578097
2027,FWD,error_lead_to_goal_p90,0.00425571211922276
2027,OTHER,error_lead_to_goal_p90,0.0181088379121314
2026,GK,error_lead_to_goal_p90,0.0518614642348151
2026,DEF,error_lead_to_goal_p90,0.0198836874081896
2026,MID,error_lead_to_goal_p90,0.0107877509584665
2026,FWD,error_lead_to_goal_p90,0.00458456205102169
2026,OTHER,error_lead_to_goal_p90,0.0123546298109829
2025,GK,error_lead_to_goal_p90,0.048871105231805
2025,DEF,error_lead_to_goal_p90,0.0184692090668318
2025,MID,error_lead_to_goal_p90,0.010386512117376
2025,FWD,error_lead_to_goal_p90,0.00373060129464364
2025,OTHER,error_lead_to_goal_p90,0.0104191379031851
2024,GK,error_lead_to_goal_p90,0.0396348606746063
2024,DEF,error_lead_to_goal_p90,0.0134948268964248
2024,MID,error_lead_to_goal_p90,0.00712768439861038
2024,FWD,error_lead_to_goal_p90,0.00150085800303671
2024,OTHER,error_lead_to_goal_p90,0.00636627599552042
2023,GK,error_lead_to_goal_p90,0.0396823874977062
2023,DEF,error_lead_to_goal_p90,0.0118081812040872
2023,MID,error_lead_to_goal_p90,0.00545712898324635
2023,FWD,error_lead_to_goal_p90,0.00122134652768849
2023,OTHER,error_lead_to_goal_p90,0.00541702121699419
2022,GK,error_lead_to_goal_p90,0.040763543580728
2022,DEF,error_lead_to_goal_p90,0.0112253320901708
2022,MID,error_lead_to_goal_p90,0.00477375537558278
2022,FWD,error_lead_to_goal_p90,0.00119675260041839
2022,OTHER,error_lead_to_goal_p90,0.00521238729502428
2021,GK,error_lead_to_goal_p90,0.040191751185085
2021,DEF,error_lead_to_goal_p90,0.0122085461784923
2021,MID,error_lead_to_goal_p90,0.00585460075418009
2021,FWD,error_lead_to_goal_p90,0.00181765858941834
2021,OTHER,error_lead_to_goal_p90,0.00358121961891835
2020,GK,error_lead_to_goal_p90,0.0493317286002816
2020,DEF,error_lead_to_goal_p90,0.0127070556128076
2020,MID,error_lead_to_goal_p90,0.00579776940888668
2020,FWD,error_lead_to_goal_p90,0.00218171530662358
2020,OTHER,error_lead_to_goal_p90,0.00682149864277951
2019,GK,error_lead_to_goal_p90,0.0458594840015363
2019,DEF,error_lead_to_goal_p90,0.0129735752920199
2019,MID,error_lead_to_goal_p90,0.00608678352806885
2019,FWD,error_lead_to_goal_p90,0.00118519338678285
2019,OTHER,error_lead_to_goal_p90,0.00514819965552396
2018,GK,error_lead_to_goal_p90,0.0549933778680481
2018,DEF,error_lead_to_goal_p90,0.0138103758167433
2018,MID,error_lead_to_goal_p90,0.0058744274442017
2018,FWD,error_lead_to_goal_p90,0.00203880351572735
2018,OTHER,error_lead_to_goal_p90,0.00573678650231404
2017,GK,error_lead_to_goal_p90,0.05714632768473
2017,DEF,error_lead_to_goal_p90,0.0134861189335434
2017,MID,error_lead_to_goal_p90,0.00511150437510069
2017,FWD,error_lead_to_goal_p90,0.00162878490174831
2017,OTHER,error_lead_to_goal_p90,0.00324453296273505
2016,GK,error_lead_to_goal_p90,0.0617676250785636
2016,DEF,error_lead_to_goal_p90,0.0157627624930976
2016,MID,error_lead_to_goal_p90,0.00539727253460059
2016,FWD,error_lead_to_goal_p90,0.00184726370214454
2016,OTHER,error_lead_to_goal_p90,0.00577128924169839
2015,GK,error_lead_to_goal_p90,0.057936002245723
2015,DEF,error_lead_to_goal_p90,0.0151516368923582
2015,MID,error_lead_to_goal_p90,0.00633274640696992
2015,FWD,error_lead_to_goal_p90,0.00247258498714548
2015,OTHER,error_lead_to_goal_p90,0.00614082057202991
2014,GK,error_lead_to_goal_p90,0.0701754385964912
2014,DEF,error_lead_to_goal_p90,0.014558144747044
2014,MID,error_lead_to_goal_p90,0.00611543911143741
2014,FWD,error_lead_to_goal_p90,0.00213002454432061
2014,OTHER,error_lead_to_goal_p90,0.00718795870906529
2027,GK,att_fastbreak_p90,0
2027,DEF,att_fastbreak_p90,0.00749809481509
2027,MID,att_fastbreak_p90,0.0756577663057822
2027,FWD,att_fastbreak_p90,0.199816506788155
2027,OTHER,att_fastbreak_p90,0.198370025107695
2026,GK,att_fastbreak_p90,7.32654406916258e-05
2026,DEF,att_fastbreak_p90,0.00934957879059515
2026,MID,att_fastbreak_p90,0.0799315810114697
2026,FWD,att_fastbreak_p90,0.228148065594643
2026,OTHER,att_fastbreak_p90,0.203142586400236
2025,GK,att_fastbreak_p90,0
2025,DEF,att_fastbreak_p90,0.0081550439178805
2025,MID,att_fastbreak_p90,0.0664191346588056
2025,FWD,att_fastbreak_p90,0.211594845000149
2025,OTHER,att_fastbreak_p90,0.177301736316852
2024,GK,att_fastbreak_p90,6.69792364367046e-05
2024,DEF,att_fastbreak_p90,0.00529820434108834
2024,MID,att_fastbreak_p90,0.0468159303979848
2024,FWD,att_fastbreak_p90,0.158692471003465
2024,OTHER,att_fastbreak_p90,0.139624830238041
2023,GK,att_fastbreak_p90,0
2023,DEF,att_fastbreak_p90,0.00371235444080763
2023,MID,att_fastbreak_p90,0.0328810678671494
2023,FWD,att_fastbreak_p90,0.119728152637569
2023,OTHER,att_fastbreak_p90,0.105426369903932
2022,GK,att_fastbreak_p90,0
2022,DEF,att_fastbreak_p90,0.00304842886429459
2022,MID,att_fastbreak_p90,0.0269539617354385
2022,FWD,att_fastbreak_p90,0.102599180988627
2022,OTHER,att_fastbreak_p90,0.0882478740995569
2021,GK,att_fastbreak_p90,0
2021,DEF,att_fastbreak_p90,0.00277373880804861
2021,MID,att_fastbreak_p90,0.0260146301935155
2021,FWD,att_fastbreak_p90,0.0927985777663289
2021,OTHER,att_fastbreak_p90,0.0828076145435944
2020,GK,att_fastbreak_p90,0
2020,DEF,att_fastbreak_p90,0.00293894027324921
2020,MID,att_fastbreak_p90,0.0322298093988433
2020,FWD,att_fastbreak_p90,0.112292352645136
2020,OTHER,att_fastbreak_p90,0.114987946636328
2019,GK,att_fastbreak_p90,0
2019,DEF,att_fastbreak_p90,0.00279164027965338
2019,MID,att_fastbreak_p90,0.0294995895488791
2019,FWD,att_fastbreak_p90,0.0932865097644084
2019,OTHER,att_fastbreak_p90,0.0909465330336099
2018,GK,att_fastbreak_p90,0
2018,DEF,att_fastbreak_p90,0.00161575114601471
2018,MID,att_fastbreak_p90,0.0231030937480498
2018,FWD,att_fastbreak_p90,0.0679982407685236
2018,OTHER,att_fastbreak_p90,0.0660833013447185
2017,GK,att_fastbreak_p90,0
2017,DEF,att_fastbreak_p90,0.00143005799821722
2017,MID,att_fastbreak_p90,0.0177669260877698
2017,FWD,att_fastbreak_p90,0.0452964065842596
2017,OTHER,att_fastbreak_p90,0.0502579745321511
2016,GK,att_fastbreak_p90,0
2016,DEF,att_fastbreak_p90,0.00188656718135499
2016,MID,att_fastbreak_p90,0.0207637044511653
2016,FWD,att_fastbreak_p90,0.0580175869164417
2016,OTHER,att_fastbreak_p90,0.0452712281654622
2015,GK,att_fastbreak_p90,0
2015,DEF,att_fastbreak_p90,0.00243542014850507
2015,MID,att_fastbreak_p90,0.0241670411440903
2015,FWD,att_fastbreak_p90,0.065532602096057
2015,OTHER,att_fastbreak_p90,0.0616793441075781
2014,GK,att_fastbreak_p90,0
2014,DEF,att_fastbreak_p90,0.0032773964402586
2014,MID,att_fastbreak_p90,0.0348457925375395
2014,FWD,att_fastbreak_p90,0.0983572541266756
2014,OTHER,att_fastbreak_p90,0.0814954872436132
2027,GK,shot_fastbreak_p90,0
2027,DEF,shot_fastbreak_p90,0.00749809481509
2027,MID,shot_fastbreak_p90,0.0756577663057822
2027,FWD,shot_fastbreak_p90,0.199816506788155
2027,OTHER,shot_fastbreak_p90,0.198370025107695
2026,GK,shot_fastbreak_p90,7.32654406916258e-05
2026,DEF,shot_fastbreak_p90,0.00934957879059515
2026,MID,shot_fastbreak_p90,0.0799315810114697
2026,FWD,shot_fastbreak_p90,0.228148065594643
2026,OTHER,shot_fastbreak_p90,0.203142586400236
2025,GK,shot_fastbreak_p90,0
2025,DEF,shot_fastbreak_p90,0.0081550439178805
2025,MID,shot_fastbreak_p90,0.0664191346588056
2025,FWD,shot_fastbreak_p90,0.211594845000149
2025,OTHER,shot_fastbreak_p90,0.177301736316852
2024,GK,shot_fastbreak_p90,6.69792364367046e-05
2024,DEF,shot_fastbreak_p90,0.00529820434108834
2024,MID,shot_fastbreak_p90,0.0468159303979848
2024,FWD,shot_fastbreak_p90,0.158692471003465
2024,OTHER,shot_fastbreak_p90,0.139624830238041
2023,GK,shot_fastbreak_p90,0
2023,DEF,shot_fastbreak_p90,0.00371235444080763
2023,MID,shot_fastbreak_p90,0.0328810678671494
2023,FWD,shot_fastbreak_p90,0.119728152637569
2023,OTHER,shot_fastbreak_p90,0.105426369903932
2022,GK,shot_fastbreak_p90,0
2022,DEF,shot_fastbreak_p90,0.00304842886429459
2022,MID,shot_fastbreak_p90,0.0269539617354385
2022,FWD,shot_fastbreak_p90,0.102599180988627
2022,OTHER,shot_fastbreak_p90,0.0882478740995569
2021,GK,shot_fastbreak_p90,0
2021,DEF,shot_fastbreak_p90,0.00277373880804861
2021,MID,shot_fastbreak_p90,0.0260146301935155
2021,FWD,shot_fastbreak_p90,0.0927985777663289
2021,OTHER,shot_fastbreak_p90,0.0828076145435944
2020,GK,shot_fastbreak_p90,0
2020,DEF,shot_fastbreak_p90,0.00293894027324921
2020,MID,shot_fastbreak_p90,0.0322298093988433
2020,FWD,shot_fastbreak_p90,0.112292352645136
2020,OTHER,shot_fastbreak_p90,0.114987946636328
2019,GK,shot_fastbreak_p90,0
2019,DEF,shot_fastbreak_p90,0.00279164027965338
2019,MID,shot_fastbreak_p90,0.0294995895488791
2019,FWD,shot_fastbreak_p90,0.0932865097644084
2019,OTHER,shot_fastbreak_p90,0.0909465330336099
2018,GK,shot_fastbreak_p90,0
2018,DEF,shot_fastbreak_p90,0.00161575114601471
2018,MID,shot_fastbreak_p90,0.0231030937480498
2018,FWD,shot_fastbreak_p90,0.0679982407685236
2018,OTHER,shot_fastbreak_p90,0.0660833013447185
2017,GK,shot_fastbreak_p90,0
2017,DEF,shot_fastbreak_p90,0.00143005799821722
2017,MID,shot_fastbreak_p90,0.0177669260877698
2017,FWD,shot_fastbreak_p90,0.0452964065842596
2017,OTHER,shot_fastbreak_p90,0.0502579745321511
2016,GK,shot_fastbreak_p90,0
2016,DEF,shot_fastbreak_p90,0.00188656718135499
2016,MID,shot_fastbreak_p90,0.0207637044511653
2016,FWD,shot_fastbreak_p90,0.0580175869164417
2016,OTHER,shot_fastbreak_p90,0.0452712281654622
2015,GK,shot_fastbreak_p90,0
2015,DEF,shot_fastbreak_p90,0.00243542014850507
2015,MID,shot_fastbreak_p90,0.0241670411440903
2015,FWD,shot_fastbreak_p90,0.065532602096057
2015,OTHER,shot_fastbreak_p90,0.0616793441075781
2014,GK,shot_fastbreak_p90,0
2014,DEF,shot_fastbreak_p90,0.0032773964402586
2014,MID,shot_fastbreak_p90,0.0348457925375395
2014,FWD,shot_fastbreak_p90,0.0983572541266756
2014,OTHER,shot_fastbreak_p90,0.0814954872436132
2027,GK,att_openplay_p90,0
2027,DEF,att_openplay_p90,0.203552677800223
2027,MID,att_openplay_p90,0.879857337828024
2027,FWD,att_openplay_p90,1.59542880531185
2027,OTHER,att_openplay_p90,1.50106471215322
2026,GK,att_openplay_p90,0.000146530881383252
2026,DEF,att_openplay_p90,0.214880232015298
2026,MID,att_openplay_p90,0.897976969942862
2026,FWD,att_openplay_p90,1.70014505811465
2026,OTHER,att_openplay_p90,1.59361055783018
2025,GK,att_openplay_p90,0.000199494613645432
2025,DEF,att_openplay_p90,0.206896432721971
2025,MID,att_openplay_p90,0.883017327524716
2025,FWD,att_openplay_p90,1.7236709912416
2025,OTHER,att_openplay_p90,1.52629697339354
2024,GK,att_openplay_p90,0.000133958472873409
2024,DEF,att_openplay_p90,0.216041639221551
2024,MID,att_openplay_p90,0.928486934211077
2024,FWD,att_openplay_p90,1.81419316057467
2024,OTHER,att_openplay_p90,1.63379329650284
2023,GK,att_openplay_p90,0.000140656867571559
2023,DEF,att_openplay_p90,0.208363165338019
2023,MID,att_openplay_p90,0.915977387797728
2023,FWD,att_openplay_p90,1.77789151859537
2023,OTHER,att_openplay_p90,1.57495231200115
2022,GK,att_openplay_p90,0.000419119513725565
2022,DEF,att_openplay_p90,0.202544832050341
2022,MID,att_openplay_p90,0.907824345873212
2022,FWD,att_openplay_p90,1.79071186973454
2022,OTHER,att_openplay_p90,1.58587585967242
2021,GK,att_openplay_p90,0.000143225436837582
2021,DEF,att_openplay_p90,0.184933319393435
2021,MID,att_openplay_p90,0.894847133552562
2021,FWD,att_openplay_p90,1.74461842369794
2021,OTHER,att_openplay_p90,1.4886010128438
2020,GK,att_openplay_p90,0.000233754090696587
2020,DEF,att_openplay_p90,0.189003826195592
2020,MID,att_openplay_p90,0.946833857323866
2020,FWD,att_openplay_p90,1.82683454343243
2020,OTHER,att_openplay_p90,1.75982861358703
2019,GK,att_openplay_p90,0
2019,DEF,att_openplay_p90,0.205643222716497
2019,MID,att_openplay_p90,1.02119835926771
2019,FWD,att_openplay_p90,1.92561418323882
2019,OTHER,att_openplay_p90,1.81625208881408
2018,GK,att_openplay_p90,0.000166333998669328
2018,DEF,att_openplay_p90,0.193911341540812
2018,MID,att_openplay_p90,1.04290971280779
2018,FWD,att_openplay_p90,1.94210498049143
2018,OTHER,att_openplay_p90,1.78737064665069
2017,GK,att_openplay_p90,0.000164527805199079
2017,DEF,att_openplay_p90,0.194590083136924
2017,MID,att_openplay_p90,1.03352400963239
2017,FWD,att_openplay_p90,1.91310298564522
2017,OTHER,att_openplay_p90,1.82617677236497
2016,GK,att_openplay_p90,9.27557740469344e-05
2016,DEF,att_openplay_p90,0.19601893353913
2016,MID,att_openplay_p90,1.07240777638099
2016,FWD,att_openplay_p90,1.93845766290703
2016,OTHER,att_openplay_p90,1.43189283834446
2015,GK,att_openplay_p90,0.000242633380961367
2015,DEF,att_openplay_p90,0.193471582296858
2015,MID,att_openplay_p90,1.02820071709598
2015,FWD,att_openplay_p90,1.89508661753595
2015,OTHER,att_openplay_p90,1.60823057528743
2014,GK,att_openplay_p90,0
2014,DEF,att_openplay_p90,0.187081605688535
2014,MID,att_openplay_p90,1.00647875029576
2014,FWD,att_openplay_p90,1.82902698905602
2014,OTHER,att_openplay_p90,1.6276186175738
2027,GK,att_setpiece_p90,0.000675675675675676
2027,DEF,att_setpiece_p90,0.061957360743588
2027,MID,att_setpiece_p90,0.0491667852983093
2027,FWD,att_setpiece_p90,0.0666835583260546
2027,OTHER,att_setpiece_p90,0.0972547998041744
2026,GK,att_setpiece_p90,0.000439592644149755
2026,DEF,att_setpiece_p90,0.078168147462136
2026,MID,att_setpiece_p90,0.0626974537245133
2026,FWD,att_setpiece_p90,0.0894766860600784
2026,OTHER,att_setpiece_p90,0.107385062213895
2025,GK,att_setpiece_p90,0.00046548743183934
2025,DEF,att_setpiece_p90,0.0758395477651136
2025,MID,att_setpiece_p90,0.0596553538599909
2025,FWD,att_setpiece_p90,0.0928312432187077
2025,OTHER,att_setpiece_p90,0.100131815694267
2024,GK,att_setpiece_p90,0.000334896182183523
2024,DEF,att_setpiece_p90,0.0782656218116562
2024,MID,att_setpiece_p90,0.059485788129937
2024,FWD,att_setpiece_p90,0.086976720162305
2024,OTHER,att_setpiece_p90,0.106377582891235
2023,GK,att_setpiece_p90,0.000492299036500457
2023,DEF,att_setpiece_p90,0.076626379529841
2023,MID,att_setpiece_p90,0.0582721130420293
2023,FWD,att_setpiece_p90,0.0880348564697057
2023,OTHER,att_setpiece_p90,0.103890751377073
2022,GK,att_setpiece_p90,0.000416724545075705
2022,DEF,att_setpiece_p90,0.0814080453657291
2022,MID,att_setpiece_p90,0.0600529588700537
2022,FWD,att_setpiece_p90,0.0968753793603711
2022,OTHER,att_setpiece_p90,0.100208243657251
2021,GK,att_setpiece_p90,0.000286450873675165
2021,DEF,att_setpiece_p90,0.0843309286131088
2021,MID,att_setpiece_p90,0.0616715420971483
2021,FWD,att_setpiece_p90,0.100881986060532
2021,OTHER,att_setpiece_p90,0.101268807758353
2020,GK,att_setpiece_p90,0.000467508181393174
2020,DEF,att_setpiece_p90,0.0807977330781545
2020,MID,att_setpiece_p90,0.0633956997291662
2020,FWD,att_setpiece_p90,0.101888584117011
2020,OTHER,att_setpiece_p90,0.10423618017098
2019,GK,att_setpiece_p90,8.2760903749069e-05
2019,DEF,att_setpiece_p90,0.0793431528547755
2019,MID,att_setpiece_p90,0.0637909990314506
2019,FWD,att_setpiece_p90,0.10643417238036
2019,OTHER,att_setpiece_p90,0.120026322575428
2018,GK,att_setpiece_p90,0.000499001996007984
2018,DEF,att_setpiece_p90,0.0768495447893436
2018,MID,att_setpiece_p90,0.0669688352346608
2018,FWD,att_setpiece_p90,0.110226248661529
2018,OTHER,att_setpiece_p90,0.125801450975487
2017,GK,att_setpiece_p90,0.000493583415597236
2017,DEF,att_setpiece_p90,0.0751890513244927
2017,MID,att_setpiece_p90,0.0697512160509535
2017,FWD,att_setpiece_p90,0.113595857558846
2017,OTHER,att_setpiece_p90,0.114450089261484
2016,GK,att_setpiece_p90,0.000649290418328541
2016,DEF,att_setpiece_p90,0.0724732384249326
2016,MID,att_setpiece_p90,0.0679553986930997
2016,FWD,att_setpiece_p90,0.117661215596596
2016,OTHER,att_setpiece_p90,0.102312806812499
2015,GK,att_setpiece_p90,0.000377429703717683
2015,DEF,att_setpiece_p90,0.0724322844666167
2015,MID,att_setpiece_p90,0.069361370632259
2015,FWD,att_setpiece_p90,0.131312860081079
2015,OTHER,att_setpiece_p90,0.117890368260977
2014,GK,att_setpiece_p90,0
2014,DEF,att_setpiece_p90,0.0749611870395786
2014,MID,att_setpiece_p90,0.0744717411644051
2014,FWD,att_setpiece_p90,0.118477806395657
2014,OTHER,att_setpiece_p90,0.109631459534112
2027,GK,att_headed_p90,0.00337837837837838
2027,DEF,att_headed_p90,0.176220418546872
2027,MID,att_headed_p90,0.115114446465683
2027,FWD,att_headed_p90,0.333390429177904
2027,OTHER,att_headed_p90,0.3001160549637
2026,GK,att_headed_p90,0.00168510513590739
2026,DEF,att_headed_p90,0.210771674993353
2026,MID,att_headed_p90,0.121075901982319
2026,FWD,att_headed_p90,0.356624547502448
2026,OTHER,att_headed_p90,0.337285169320544
2025,GK,att_headed_p90,0.00126346588642107
2025,DEF,att_headed_p90,0.203858557671621
2025,MID,att_headed_p90,0.120330603062261
2025,FWD,att_headed_p90,0.354839094459349
2025,OTHER,att_headed_p90,0.313198469790267
2024,GK,att_headed_p90,0.00127260549229739
2024,DEF,att_headed_p90,0.211235354171185
2024,MID,att_headed_p90,0.119394448619852
2024,FWD,att_headed_p90,0.375205555883794
2024,OTHER,att_headed_p90,0.324522519128818
2023,GK,att_headed_p90,0.00168788241085871
2023,DEF,att_headed_p90,0.209240517957003
2023,MID,att_headed_p90,0.115505985622129
2023,FWD,att_headed_p90,0.375137318979758
2023,OTHER,att_headed_p90,0.324019464983641
2022,GK,att_headed_p90,0.00159744408945687
2022,DEF,att_headed_p90,0.210731121245435
2022,MID,att_headed_p90,0.114158332439732
2022,FWD,att_headed_p90,0.374915571668986
2022,OTHER,att_headed_p90,0.324944263611037
2021,GK,att_headed_p90,0.000859352621025494
2021,DEF,att_headed_p90,0.191945102522579
2021,MID,att_headed_p90,0.11047013949565
2021,FWD,att_headed_p90,0.370319510277681
2021,OTHER,att_headed_p90,0.287507855768879
2020,GK,att_headed_p90,0.00140252454417952
2020,DEF,att_headed_p90,0.17399691933478
2020,MID,att_headed_p90,0.106211504522757
2020,FWD,att_headed_p90,0.356470469763986
2020,OTHER,att_headed_p90,0.299641365369825
2019,GK,att_headed_p90,0.00082760903749069
2019,DEF,att_headed_p90,0.177184201806556
2019,MID,att_headed_p90,0.114285179442727
2019,FWD,att_headed_p90,0.401292377660814
2019,OTHER,att_headed_p90,0.320246987010636
2018,GK,att_headed_p90,0.00124750499001996
2018,DEF,att_headed_p90,0.166230837345511
2018,MID,att_headed_p90,0.113870938684625
2018,FWD,att_headed_p90,0.416505363825308
2018,OTHER,att_headed_p90,0.320519148405608
2017,GK,att_headed_p90,0.000904902928594933
2017,DEF,att_headed_p90,0.168431425750588
2017,MID,att_headed_p90,0.11684658668661
2017,FWD,att_headed_p90,0.410965140453657
2017,OTHER,att_headed_p90,0.327054162038273
2016,GK,att_headed_p90,0.00111306928856321
2016,DEF,att_headed_p90,0.159481818950849
2016,MID,att_headed_p90,0.114980760692675
2016,FWD,att_headed_p90,0.398328484259173
2016,OTHER,att_headed_p90,0.255525112813125
2015,GK,att_headed_p90,0.00137907007127615
2015,DEF,att_headed_p90,0.157621537405166
2015,MID,att_headed_p90,0.106549554836798
2015,FWD,att_headed_p90,0.385844832318615
2015,OTHER,att_headed_p90,0.285363254301886
2014,GK,att_headed_p90,0
2014,DEF,att_headed_p90,0.153060189112208
2014,MID,att_headed_p90,0.107118575063866
2014,FWD,att_headed_p90,0.360301078846924
2014,OTHER,att_headed_p90,0.290054049078923
2027,GK,att_one_on_one_p90,0
2027,DEF,att_one_on_one_p90,0.00192762273760917
2027,MID,att_one_on_one_p90,0.0127919578108176
2027,FWD,att_one_on_one_p90,0.0533217740303751
2027,OTHER,att_one_on_one_p90,0.0432838531276065
2026,GK,att_one_on_one_p90,0
2026,DEF,att_one_on_one_p90,0.00212459073145519
2026,MID,att_one_on_one_p90,0.0151534200291363
2026,FWD,att_one_on_one_p90,0.0634762952479472
2026,OTHER,att_one_on_one_p90,0.0440364441244266
2025,GK,att_one_on_one_p90,0
2025,DEF,att_one_on_one_p90,0.00262861864454644
2025,MID,att_one_on_one_p90,0.0177717420917438
2025,FWD,att_one_on_one_p90,0.0657328463122588
2025,OTHER,att_one_on_one_p90,0.0518431310184567
2024,GK,att_one_on_one_p90,6.69792364367046e-05
2024,DEF,att_one_on_one_p90,0.00221809947216538
2024,MID,att_one_on_one_p90,0.0135141293283117
2024,FWD,att_one_on_one_p90,0.0575003874685602
2024,OTHER,att_one_on_one_p90,0.0402483443447054
2023,GK,att_one_on_one_p90,0
2023,DEF,att_one_on_one_p90,0.00128869539172021
2023,MID,att_one_on_one_p90,0.00869437119056593
2023,FWD,att_one_on_one_p90,0.0373992526456933
2023,OTHER,att_one_on_one_p90,0.0291380576246602
2022,GK,att_one_on_one_p90,0
2022,DEF,att_one_on_one_p90,0.000857328866530807
2022,MID,att_one_on_one_p90,0.00808554150016268
2022,FWD,att_one_on_one_p90,0.0377853830516272
2022,OTHER,att_one_on_one_p90,0.0255947774840776
2021,GK,att_one_on_one_p90,0
2021,DEF,att_one_on_one_p90,0.000886407316306741
2021,MID,att_one_on_one_p90,0.00916508559247788
2021,FWD,att_one_on_one_p90,0.0382223470710232
2021,OTHER,att_one_on_one_p90,0.0260536383047607
2020,GK,att_one_on_one_p90,0
2020,DEF,att_one_on_one_p90,0.00132867030664731
2020,MID,att_one_on_one_p90,0.00962942245560539
2020,FWD,att_one_on_one_p90,0.0465309019032354
2020,OTHER,att_one_on_one_p90,0.0345418453005397
2019,GK,att_one_on_one_p90,0
2019,DEF,att_one_on_one_p90,0.00124028913180668
2019,MID,att_one_on_one_p90,0.0103672188438287
2019,FWD,att_one_on_one_p90,0.0454540907816672
2019,OTHER,att_one_on_one_p90,0.0347123136389246
2018,GK,att_one_on_one_p90,0
2018,DEF,att_one_on_one_p90,0.00104792595464237
2018,MID,att_one_on_one_p90,0.0151284957750886
2018,FWD,att_one_on_one_p90,0.0582085178203258
2018,OTHER,att_one_on_one_p90,0.0374346678390706
2017,GK,att_one_on_one_p90,0
2017,DEF,att_one_on_one_p90,0.00135225674253617
2017,MID,att_one_on_one_p90,0.0132343630595776
2017,FWD,att_one_on_one_p90,0.0570455315032694
2017,OTHER,att_one_on_one_p90,0.038758325597598
2016,GK,att_one_on_one_p90,0
2016,DEF,att_one_on_one_p90,0.00123344740307664
2016,MID,att_one_on_one_p90,0.0152500151852391
2016,FWD,att_one_on_one_p90,0.0629122381325747
2016,OTHER,att_one_on_one_p90,0.0334311034278208
2015,GK,att_one_on_one_p90,0
2015,DEF,att_one_on_one_p90,0.00109156685847008
2015,MID,att_one_on_one_p90,0.0139809745192596
2015,FWD,att_one_on_one_p90,0.0583586115654206
2015,OTHER,att_one_on_one_p90,0.0340500385102335
2014,GK,att_one_on_one_p90,0
2014,DEF,att_one_on_one_p90,0.00203527815468114
2014,MID,att_one_on_one_p90,0.0209787247288177
2014,FWD,att_one_on_one_p90,0.0716573710975154
2014,OTHER,att_one_on_one_p90,0.0443396320957157
2027,GK,crosses_open_play_p90,0
2027,DEF,crosses_open_play_p90,1.00664500528098
2027,MID,crosses_open_play_p90,1.15272045186786
2027,FWD,crosses_open_play_p90,1.19714633529957
2027,OTHER,crosses_open_play_p90,1.91036165530773
2026,GK,crosses_open_play_p90,0.00102571616968276
2026,DEF,crosses_open_play_p90,1.08654288748987
2026,MID,crosses_open_play_p90,1.41316202625819
2026,FWD,crosses_open_play_p90,1.40052808576828
2026,OTHER,crosses_open_play_p90,2.15546673166956
2025,GK,crosses_open_play_p90,0.000265992818193909
2025,DEF,crosses_open_play_p90,1.11255462439894
2025,MID,crosses_open_play_p90,1.36629073586557
2025,FWD,crosses_open_play_p90,1.43109218004217
2025,OTHER,crosses_open_play_p90,2.00042788764558
2024,GK,crosses_open_play_p90,0.000535833891493637
2024,DEF,crosses_open_play_p90,1.133467880595
2024,MID,crosses_open_play_p90,1.38709983674869
2024,FWD,crosses_open_play_p90,1.43884421628865
2024,OTHER,crosses_open_play_p90,2.09135629018073
2023,GK,crosses_open_play_p90,0.000210985301357339
2023,DEF,crosses_open_play_p90,1.12720334389135
2023,MID,crosses_open_play_p90,1.43606600165998
2023,FWD,crosses_open_play_p90,1.38453130284551
2023,OTHER,crosses_open_play_p90,2.03353238017196
2022,GK,crosses_open_play_p90,0.000208362272537853
2022,DEF,crosses_open_play_p90,1.14670630221082
2022,MID,crosses_open_play_p90,1.42941137353763
2022,FWD,crosses_open_play_p90,1.37711430121791
2022,OTHER,crosses_open_play_p90,1.96480725380275
2021,GK,crosses_open_play_p90,7.16127184187912e-05
2021,DEF,crosses_open_play_p90,1.23025916541162
2021,MID,crosses_open_play_p90,1.45768636137822
2021,FWD,crosses_open_play_p90,1.40256052312165
2021,OTHER,crosses_open_play_p90,1.96320121608699
2020,GK,crosses_open_play_p90,0.000233754090696587
2020,DEF,crosses_open_play_p90,1.27163571534842
2020,MID,crosses_open_play_p90,1.46786760471689
2020,FWD,crosses_open_play_p90,1.4353907481584
2020,OTHER,crosses_open_play_p90,2.07954775803615
2019,GK,crosses_open_play_p90,0.00188127089074957
2019,DEF,crosses_open_play_p90,1.2088903893574
2019,MID,crosses_open_play_p90,1.41142102075325
2019,FWD,crosses_open_play_p90,1.22226846985776
2019,OTHER,crosses_open_play_p90,1.93373928825324
2018,GK,crosses_open_play_p90,0.000998003992015968
2018,DEF,crosses_open_play_p90,1.22508642753457
2018,MID,crosses_open_play_p90,1.49995070060023
2018,FWD,crosses_open_play_p90,1.14719438942903
2018,OTHER,crosses_open_play_p90,2.05358026759002
2017,GK,crosses_open_play_p90,0.000987166831194472
2017,DEF,crosses_open_play_p90,1.27353146193582
2017,MID,crosses_open_play_p90,1.50771502206837
2017,FWD,crosses_open_play_p90,1.33285075958247
2017,OTHER,crosses_open_play_p90,2.18748541136164
2016,GK,crosses_open_play_p90,0.00335670895513246
2016,DEF,crosses_open_play_p90,1.30075961726131
2016,MID,crosses_open_play_p90,1.55321791413344
2016,FWD,crosses_open_play_p90,1.28291568007375
2016,OTHER,crosses_open_play_p90,1.86015941409302
2015,GK,crosses_open_play_p90,0.000188714851858841
2015,DEF,crosses_open_play_p90,1.35780531285325
2015,MID,crosses_open_play_p90,1.68509504993132
2015,FWD,crosses_open_play_p90,1.59519919553493
2015,OTHER,crosses_open_play_p90,2.18517449062404
2014,GK,crosses_open_play_p90,0.0006265664160401
2014,DEF,crosses_open_play_p90,1.40799702445524
2014,MID,crosses_open_play_p90,1.50184555387436
2014,FWD,crosses_open_play_p90,1.87516239059881
2014,OTHER,crosses_open_play_p90,2.24406791534221
2027,GK,penalty_won_p90,0.000675675675675676
2027,DEF,penalty_won_p90,0.00349331178658929
2027,MID,penalty_won_p90,0.00679377802983285
2027,FWD,penalty_won_p90,0.0227694335975691
2027,OTHER,penalty_won_p90,0.0177774350779352
2026,GK,penalty_won_p90,0
2026,DEF,penalty_won_p90,0.00435539645235119
2026,MID,penalty_won_p90,0.00773148963083999
2026,FWD,penalty_won_p90,0.0214264734297079
2026,OTHER,penalty_won_p90,0.0184804066388657
2025,GK,penalty_won_p90,0
2025,DEF,penalty_won_p90,0.00387658487203687
2025,MID,penalty_won_p90,0.00783165176283755
2025,FWD,penalty_won_p90,0.0219822599151474
2025,OTHER,penalty_won_p90,0.0188865402361033
2024,GK,penalty_won_p90,6.69792364367046e-05
2024,DEF,penalty_won_p90,0.00350482864377582
2024,MID,penalty_won_p90,0.00832804083550356
2024,FWD,penalty_won_p90,0.0227351029458552
2024,OTHER,penalty_won_p90,0.0200575190097021
2023,GK,penalty_won_p90,0
2023,DEF,penalty_won_p90,0.00403738576922141
2023,MID,penalty_won_p90,0.00891136271206556
2023,FWD,penalty_won_p90,0.0234981217623094
2023,OTHER,penalty_won_p90,0.0206510966682378
2022,GK,penalty_won_p90,0
2022,DEF,penalty_won_p90,0.0038165608040587
2022,MID,penalty_won_p90,0.00830762567001901
2022,FWD,penalty_won_p90,0.0254099657752407
2022,OTHER,penalty_won_p90,0.023926771304937
2021,GK,penalty_won_p90,0
2021,DEF,penalty_won_p90,0.0050599189366358
2021,MID,penalty_won_p90,0.00975782148562281
2021,FWD,penalty_won_p90,0.0307257945497649
2021,OTHER,penalty_won_p90,0.0203144013566555
2020,GK,penalty_won_p90,0.000116877045348294
2020,DEF,penalty_won_p90,0.00382458944350959
2020,MID,penalty_won_p90,0.0108143589114325
2020,FWD,penalty_won_p90,0.0284894240101205
2020,OTHER,penalty_won_p90,0.0246893114971825
2019,GK,penalty_won_p90,0
2019,DEF,penalty_won_p90,0.00528430478929247
2019,MID,penalty_won_p90,0.0106303877988164
2019,FWD,penalty_won_p90,0.0295470376458066
2019,OTHER,penalty_won_p90,0.0211645872747692
2018,GK,penalty_won_p90,0
2018,DEF,penalty_won_p90,0.00393650280652961
2018,MID,penalty_won_p90,0.0115750650352215
2018,FWD,penalty_won_p90,0.0294673269989829
2018,OTHER,penalty_won_p90,0.0278844818514586
2017,GK,penalty_won_p90,0
2017,DEF,penalty_won_p90,0.00394401824518421
2017,MID,penalty_won_p90,0.0115895097731702
2017,FWD,penalty_won_p90,0.0311170339489452
2017,OTHER,penalty_won_p90,0.0302460202177662
2016,GK,penalty_won_p90,0
2016,DEF,penalty_won_p90,0.00327311972982566
2016,MID,penalty_won_p90,0.00999361661587868
2016,FWD,penalty_won_p90,0.0286289428084751
2016,OTHER,penalty_won_p90,0.0210893363920863
2015,GK,penalty_won_p90,0
2015,DEF,penalty_won_p90,0.00298983985274055
2015,MID,penalty_won_p90,0.0110010768696823
2015,FWD,penalty_won_p90,0.0284944695813936
2015,OTHER,penalty_won_p90,0.0220741938173201
2014,GK,penalty_won_p90,0
2014,DEF,penalty_won_p90,0.00533886383590071
2014,MID,penalty_won_p90,0.00894619992877433
2014,FWD,penalty_won_p90,0.0298806216462845
2014,OTHER,penalty_won_p90,0.0243720686726005
2027,GK,penalty_conceded_p90,0.0108108108108108
2027,DEF,penalty_conceded_p90,0.023138384749685
2027,MID,penalty_conceded_p90,0.0120895922853137
2027,FWD,penalty_conceded_p90,0.00294584533359407
2027,OTHER,penalty_conceded_p90,0.00656161368323641
2026,GK,penalty_conceded_p90,0.0108719085315328
2026,DEF,penalty_conceded_p90,0.0244910101233292
2026,MID,penalty_conceded_p90,0.0102342276339719
2026,FWD,penalty_conceded_p90,0.00433376905142758
2026,OTHER,penalty_conceded_p90,0.0141030813647171
2025,GK,penalty_conceded_p90,0.0137510303249572
2025,DEF,penalty_conceded_p90,0.0225833688756698
2025,MID,penalty_conceded_p90,0.00907660540816443
2025,FWD,penalty_conceded_p90,0.00352230051197571
2025,OTHER,penalty_conceded_p90,0.0125452341694176
2024,GK,penalty_conceded_p90,0.012545324141917
2024,DEF,penalty_conceded_p90,0.02464822992761
2024,MID,penalty_conceded_p90,0.0104471100287126
2024,FWD,penalty_conceded_p90,0.00388585854261668
2024,OTHER,penalty_conceded_p90,0.012415152091464
2023,GK,penalty_conceded_p90,0.0119800990179551
2023,DEF,penalty_conceded_p90,0.0270078329493277
2023,MID,penalty_conceded_p90,0.0103521815579822
2023,FWD,penalty_conceded_p90,0.00430530783009716
2023,OTHER,penalty_conceded_p90,0.0140149863213735
2022,GK,penalty_conceded_p90,0.0157224194256979
2022,DEF,penalty_conceded_p90,0.0266646020593734
2022,MID,penalty_conceded_p90,0.0100972767556031
2022,FWD,penalty_conceded_p90,0.00377341817968654
2022,OTHER,penalty_conceded_p90,0.0125508998808633
2021,GK,penalty_conceded_p90,0.016900954475167
2021,DEF,penalty_conceded_p90,0.0296646333228757
2021,MID,penalty_conceded_p90,0.0115622006714414
2021,FWD,penalty_conceded_p90,0.00386719750383036
2021,OTHER,penalty_conceded_p90,0.0138897077052087
2020,GK,penalty_conceded_p90,0.0133295240394824
2020,DEF,penalty_conceded_p90,0.030782162832305
2020,MID,penalty_conceded_p90,0.0103152865834954
2020,FWD,penalty_conceded_p90,0.00363101184027502
2020,OTHER,penalty_conceded_p90,0.0142578335778125
2019,GK,penalty_conceded_p90,0.0145137633861095
2019,DEF,penalty_conceded_p90,0.0285220799623466
2019,MID,penalty_conceded_p90,0.00903821487593202
2019,FWD,penalty_conceded_p90,0.0032413347412986
2019,OTHER,penalty_conceded_p90,0.0137867205377441
2018,GK,penalty_conceded_p90,0.0125392674453914
2018,DEF,penalty_conceded_p90,0.0264738518252235
2018,MID,penalty_conceded_p90,0.00780929410695355
2018,FWD,penalty_conceded_p90,0.00232132548995217
2018,OTHER,penalty_conceded_p90,0.0119335845905975
2017,GK,penalty_conceded_p90,0.0151490569295319
2017,DEF,penalty_conceded_p90,0.0271342118991451
2017,MID,penalty_conceded_p90,0.00825076652383845
2017,FWD,penalty_conceded_p90,0.00380165310423886
2017,OTHER,penalty_conceded_p90,0.0132159203981702
2016,GK,penalty_conceded_p90,0.0191805851987679
2016,DEF,penalty_conceded_p90,0.0240211090508757
2016,MID,penalty_conceded_p90,0.0064830197339293
2016,FWD,penalty_conceded_p90,0.00230724850362346
2016,OTHER,penalty_conceded_p90,0.0134357476406923
2015,GK,penalty_conceded_p90,0.0192144906783343
2015,DEF,penalty_conceded_p90,0.0262801362033715
2015,MID,penalty_conceded_p90,0.00717713999216174
2015,FWD,penalty_conceded_p90,0.00295005175383447
2015,OTHER,penalty_conceded_p90,0.0121755321336747
2014,GK,penalty_conceded_p90,0.0158318331038865
2014,DEF,penalty_conceded_p90,0.029800495673546
2014,MID,penalty_conceded_p90,0.00853102081316333
2014,FWD,penalty_conceded_p90,0.00133899128115556
2014,OTHER,penalty_conceded_p90,0.00975366380188264
2027,GK,offtarget_att_assist_p90,0.0135135135135135
2027,DEF,offtarget_att_assist_p90,0.22379949749229
2027,MID,offtarget_att_assist_p90,0.43903226307618
2027,FWD,offtarget_att_assist_p90,0.421446068440498
2027,OTHER,offtarget_att_assist_p90,0.536684105890004
2026,GK,offtarget_att_assist_p90,0.0123312201281714
2026,DEF,offtarget_att_assist_p90,0.210580139411555
2026,MID,offtarget_att_assist_p90,0.443334818280115
2026,FWD,offtarget_att_assist_p90,0.429031182996093
2026,OTHER,offtarget_att_assist_p90,0.531225176090781
2025,GK,offtarget_att_assist_p90,0.00942005822226865
2025,DEF,offtarget_att_assist_p90,0.204756743147287
2025,MID,offtarget_att_assist_p90,0.437128167249469
2025,FWD,offtarget_att_assist_p90,0.432930723492601
2025,OTHER,offtarget_att_assist_p90,0.517819205302652
2024,GK,offtarget_att_assist_p90,0.0113623733303992
2024,DEF,offtarget_att_assist_p90,0.214822887489569
2024,MID,offtarget_att_assist_p90,0.45799372772515
2024,FWD,offtarget_att_assist_p90,0.450936540304581
2024,OTHER,offtarget_att_assist_p90,0.536323374768075
2023,GK,offtarget_att_assist_p90,0.00956545720198721
2023,DEF,offtarget_att_assist_p90,0.205058645341956
2023,MID,offtarget_att_assist_p90,0.45883572855719
2023,FWD,offtarget_att_assist_p90,0.450460383914224
2023,OTHER,offtarget_att_assist_p90,0.53574519294118
2022,GK,offtarget_att_assist_p90,0.00846590394029454
2022,DEF,offtarget_att_assist_p90,0.20864582889062
2022,MID,offtarget_att_assist_p90,0.461298389520205
2022,FWD,offtarget_att_assist_p90,0.466335426226865
2022,OTHER,offtarget_att_assist_p90,0.546913433330794
2021,GK,offtarget_att_assist_p90,0.00830707533657978
2021,DEF,offtarget_att_assist_p90,0.206603031797692
2021,MID,offtarget_att_assist_p90,0.457833758060786
2021,FWD,offtarget_att_assist_p90,0.455885172146682
2021,OTHER,offtarget_att_assist_p90,0.513056453165524
2020,GK,offtarget_att_assist_p90,0.0102851799906498
2020,DEF,offtarget_att_assist_p90,0.21876667629181
2020,MID,offtarget_att_assist_p90,0.483730306458037
2020,FWD,offtarget_att_assist_p90,0.474752109385848
2020,OTHER,offtarget_att_assist_p90,0.554275247907066
2019,GK,offtarget_att_assist_p90,0.012000331043615
2019,DEF,offtarget_att_assist_p90,0.215503193191046
2019,MID,offtarget_att_assist_p90,0.488882074368019
2019,FWD,offtarget_att_assist_p90,0.474532554375164
2019,OTHER,offtarget_att_assist_p90,0.592358952305033
2018,GK,offtarget_att_assist_p90,0.0125161437680793
2018,DEF,offtarget_att_assist_p90,0.201361036777721
2018,MID,offtarget_att_assist_p90,0.484897867294623
2018,FWD,offtarget_att_assist_p90,0.447332318078832
2018,OTHER,offtarget_att_assist_p90,0.585773078247848
2017,GK,offtarget_att_assist_p90,0.010623117422229
2017,DEF,offtarget_att_assist_p90,0.205630322111133
2017,MID,offtarget_att_assist_p90,0.49323130019999
2017,FWD,offtarget_att_assist_p90,0.459589723632343
2017,OTHER,offtarget_att_assist_p90,0.590203953295852
2016,GK,offtarget_att_assist_p90,0.0149104906780447
2016,DEF,offtarget_att_assist_p90,0.201147676473562
2016,MID,offtarget_att_assist_p90,0.494371819502426
2016,FWD,offtarget_att_assist_p90,0.468954711406134
2016,OTHER,offtarget_att_assist_p90,0.501453807330087
2015,GK,offtarget_att_assist_p90,0.0129741460652953
2015,DEF,offtarget_att_assist_p90,0.202330223502375
2015,MID,offtarget_att_assist_p90,0.516659809822281
2015,FWD,offtarget_att_assist_p90,0.489442746554669
2015,OTHER,offtarget_att_assist_p90,0.553841695268357
2014,GK,offtarget_att_assist_p90,0.0137844611528822
2014,DEF,offtarget_att_assist_p90,0.211548357439511
2014,MID,offtarget_att_assist_p90,0.536485298342155
2014,FWD,offtarget_att_assist_p90,0.532780697181892
2014,OTHER,offtarget_att_assist_p90,0.553597700633494
2027,GK,last_man_tackle_p90,0.0148648648648649
2027,DEF,last_man_tackle_p90,0.037239069476707
2027,MID,last_man_tackle_p90,0.0038513917928002
2027,FWD,last_man_tackle_p90,0.000876052676199627
2027,OTHER,last_man_tackle_p90,0.00375422762309265
2026,GK,last_man_tackle_p90,0.0132660458175705
2026,DEF,last_man_tackle_p90,0.0336819307548199
2026,MID,last_man_tackle_p90,0.00498970774923638
2026,FWD,last_man_tackle_p90,0.000885876956902536
2026,OTHER,last_man_tackle_p90,0.0100639417014078
2025,GK,last_man_tackle_p90,0.0126728418704644
2025,DEF,last_man_tackle_p90,0.0291161651280005
2025,MID,last_man_tackle_p90,0.0034629376583703
2025,FWD,last_man_tackle_p90,0.000706724567969817
2025,OTHER,last_man_tackle_p90,0.00754133764481248
2024,GK,last_man_tackle_p90,0.00834898700199931
2024,DEF,last_man_tackle_p90,0.0165347671399305
2024,MID,last_man_tackle_p90,0.00309727372440212
2024,FWD,last_man_tackle_p90,0.000512549894029179
2024,OTHER,last_man_tackle_p90,0.00504649311315526
2023,GK,last_man_tackle_p90,0.00619217326309213
2023,DEF,last_man_tackle_p90,0.00891438352188091
2023,MID,last_man_tackle_p90,0.00121102184914489
2023,FWD,last_man_tackle_p90,0.000404058431879063
2023,OTHER,last_man_tackle_p90,0.00250894240077654
2022,GK,last_man_tackle_p90,0.00375052090568134
2022,DEF,last_man_tackle_p90,0.00685942981362662
2022,MID,last_man_tackle_p90,0.00119001970110055
2022,FWD,last_man_tackle_p90,0.000220958680524824
2022,OTHER,last_man_tackle_p90,0.00175906664290843
2021,GK,last_man_tackle_p90,0.00365224863935835
2021,DEF,last_man_tackle_p90,0.0046420973245351
2021,MID,last_man_tackle_p90,0.000820018996356094
2021,FWD,last_man_tackle_p90,0.000303736123838324
2021,OTHER,last_man_tackle_p90,0.0014736222223659
2020,GK,last_man_tackle_p90,0.00490883590462833
2020,DEF,last_man_tackle_p90,0.00769533669644539
2020,MID,last_man_tackle_p90,0.00149335328529218
2020,FWD,last_man_tackle_p90,0.0001547576936682
2020,OTHER,last_man_tackle_p90,0.00262492309227264
2019,GK,last_man_tackle_p90,0.00311732737454826
2019,DEF,last_man_tackle_p90,0.00828248137529366
2019,MID,last_man_tackle_p90,0.00114612631537422
2019,FWD,last_man_tackle_p90,0.000128441152545276
2019,OTHER,last_man_tackle_p90,0.00131447527681161
2018,GK,last_man_tackle_p90,0.00317971363209654
2018,DEF,last_man_tackle_p90,0.00876406614758734
2018,MID,last_man_tackle_p90,0.00123542769077653
2018,FWD,last_man_tackle_p90,0.000168747121037293
2018,OTHER,last_man_tackle_p90,0.00132137185842642
2017,GK,last_man_tackle_p90,0.00183037183283975
2017,DEF,last_man_tackle_p90,0.00718556836749903
2017,MID,last_man_tackle_p90,0.00110182389124607
2017,FWD,last_man_tackle_p90,9.4495629577132e-05
2017,OTHER,last_man_tackle_p90,0.00130280011024438
2016,GK,last_man_tackle_p90,0.00222613857712643
2016,DEF,last_man_tackle_p90,0.0116548274023781
2016,MID,last_man_tackle_p90,0.000931464446963994
2016,FWD,last_man_tackle_p90,0.000200715594729034
2016,OTHER,last_man_tackle_p90,0.00237086380122622
2015,GK,last_man_tackle_p90,0.0032081524816003
2015,DEF,last_man_tackle_p90,0.0143834587587464
2015,MID,last_man_tackle_p90,0.00181633559671597
2015,FWD,last_man_tackle_p90,0.000249511309903762
2015,OTHER,last_man_tackle_p90,0.00287253537390871
2014,GK,last_man_tackle_p90,0.00719010641357492
2014,DEF,last_man_tackle_p90,0.0275584834583238
2014,MID,last_man_tackle_p90,0.00264736305906363
2014,FWD,last_man_tackle_p90,0.00029171528588098
2014,OTHER,last_man_tackle_p90,0.00710610747520196
2027,GK,six_yard_block_p90,0.000675675675675676
2027,DEF,six_yard_block_p90,0.02138694755596
2027,MID,six_yard_block_p90,0.0228698318672113
2027,FWD,six_yard_block_p90,0.0502635630948862
2027,OTHER,six_yard_block_p90,0.0439107519994051
2026,GK,six_yard_block_p90,0.000146530881383252
2026,DEF,six_yard_block_p90,0.0237690372272945
2026,MID,six_yard_block_p90,0.0254531467799016
2026,FWD,six_yard_block_p90,0.0506879518010968
2026,OTHER,six_yard_block_p90,0.0476267937942121
2025,GK,six_yard_block_p90,0
2025,DEF,six_yard_block_p90,0.0219669678250179
2025,MID,six_yard_block_p90,0.0228317263393685
2025,FWD,six_yard_block_p90,0.05157691973785
2025,OTHER,six_yard_block_p90,0.0465509561359061
2024,GK,six_yard_block_p90,0.000133958472873409
2024,DEF,six_yard_block_p90,0.0221126463258884
2024,MID,six_yard_block_p90,0.0230469144442085
2024,FWD,six_yard_block_p90,0.0509300353052036
2024,OTHER,six_yard_block_p90,0.0453497739079728
2023,GK,six_yard_block_p90,7.03284337857796e-05
2023,DEF,six_yard_block_p90,0.0201972337989634
2023,MID,six_yard_block_p90,0.0229025205771666
2023,FWD,six_yard_block_p90,0.051535857985958
2023,OTHER,six_yard_block_p90,0.0465713217861435
2022,GK,six_yard_block_p90,0.000277816363383803
2022,DEF,six_yard_block_p90,0.0189040096190048
2022,MID,six_yard_block_p90,0.0221967299949368
2022,FWD,six_yard_block_p90,0.0493306666460601
2022,OTHER,six_yard_block_p90,0.0418660556068997
2021,GK,six_yard_block_p90,0.000214838155256374
2021,DEF,six_yard_block_p90,0.0159193320723162
2021,MID,six_yard_block_p90,0.0185685716798352
2021,FWD,six_yard_block_p90,0.0442381207077904
2021,OTHER,six_yard_block_p90,0.0424874716330775
2020,GK,six_yard_block_p90,0.000116877045348294
2020,DEF,six_yard_block_p90,0.0196884956532456
2020,MID,six_yard_block_p90,0.0279373689686492
2020,FWD,six_yard_block_p90,0.0598642657369111
2020,OTHER,six_yard_block_p90,0.057008665246103
2019,GK,six_yard_block_p90,8.2760903749069e-05
2019,DEF,six_yard_block_p90,0.0155306938614978
2019,MID,six_yard_block_p90,0.0228403975064408
2019,FWD,six_yard_block_p90,0.0484094890299801
2019,OTHER,six_yard_block_p90,0.0461501245732586
2018,GK,six_yard_block_p90,0
2018,DEF,six_yard_block_p90,0.0143489457671386
2018,MID,six_yard_block_p90,0.0221164092275878
2018,FWD,six_yard_block_p90,0.0500448097138772
2018,OTHER,six_yard_block_p90,0.039650698620304
2017,GK,six_yard_block_p90,8.22639025995393e-05
2017,DEF,six_yard_block_p90,0.0143130737138694
2017,MID,six_yard_block_p90,0.0192876584817149
2017,FWD,six_yard_block_p90,0.0428089496427639
2017,OTHER,six_yard_block_p90,0.0382568700558334
2016,GK,six_yard_block_p90,9.27557740469344e-05
2016,DEF,six_yard_block_p90,0.0117847844040266
2016,MID,six_yard_block_p90,0.017742140132659
2016,FWD,six_yard_block_p90,0.0392549930972648
2016,OTHER,six_yard_block_p90,0.0267349013740988
2015,GK,six_yard_block_p90,0.000431348232820209
2015,DEF,six_yard_block_p90,0.0105850096236834
2015,MID,six_yard_block_p90,0.0150250741389807
2015,FWD,six_yard_block_p90,0.0326662818740575
2015,OTHER,six_yard_block_p90,0.0284027488453374
2014,GK,six_yard_block_p90,0
2014,DEF,six_yard_block_p90,0.00979477611940299
2014,MID,six_yard_block_p90,0.0155553021751521
2014,FWD,six_yard_block_p90,0.0395548383067898
2014,OTHER,six_yard_block_p90,0.0333510929639414
2027,GK,clearance_off_line_p90,0
2027,DEF,clearance_off_line_p90,0.0181703790696368
2027,MID,clearance_off_line_p90,0.00374185546106806
2027,FWD,clearance_off_line_p90,0.00238978713878986
2027,OTHER,clearance_off_line_p90,0.00678849308306255
2026,GK,clearance_off_line_p90,0
2026,DEF,clearance_off_line_p90,0.019027326117844
2026,MID,clearance_off_line_p90,0.00435021706299009
2026,FWD,clearance_off_line_p90,0.0021026546482346
2026,OTHER,clearance_off_line_p90,0.00542774763244745
2025,GK,clearance_off_line_p90,0
2025,DEF,clearance_off_line_p90,0.0196827320222942
2025,MID,clearance_off_line_p90,0.00401548032919718
2025,FWD,clearance_off_line_p90,0.00184710512184476
2025,OTHER,clearance_off_line_p90,0.00505059836334346
2024,GK,clearance_off_line_p90,0
2024,DEF,clearance_off_line_p90,0.0189923309630548
2024,MID,clearance_off_line_p90,0.00405457829807679
2024,FWD,clearance_off_line_p90,0.00197337735265258
2024,OTHER,clearance_off_line_p90,0.00677190933684122
2023,GK,clearance_off_line_p90,0
2023,DEF,clearance_off_line_p90,0.0178805414562962
2023,MID,clearance_off_line_p90,0.0034235071099546
2023,FWD,clearance_off_line_p90,0.00153483240315001
2023,OTHER,clearance_off_line_p90,0.00542792265639412
2022,GK,clearance_off_line_p90,0
2022,DEF,clearance_off_line_p90,0.0173850936475935
2022,MID,clearance_off_line_p90,0.00368478658993883
2022,FWD,clearance_off_line_p90,0.00180796065766491
2022,OTHER,clearance_off_line_p90,0.00444938867846089
2021,GK,clearance_off_line_p90,0
2021,DEF,clearance_off_line_p90,0.0148626772144089
2021,MID,clearance_off_line_p90,0.00293332017582813
2021,FWD,clearance_off_line_p90,0.00135875649204698
2021,OTHER,clearance_off_line_p90,0.00489626091906131
2020,GK,clearance_off_line_p90,0
2020,DEF,clearance_off_line_p90,0.0131575803576561
2020,MID,clearance_off_line_p90,0.00362750523928868
2020,FWD,clearance_off_line_p90,0.00165268588535662
2020,OTHER,clearance_off_line_p90,0.00500686217823321
2019,GK,clearance_off_line_p90,0
2019,DEF,clearance_off_line_p90,0.0140827772788537
2019,MID,clearance_off_line_p90,0.00345885142157394
2019,FWD,clearance_off_line_p90,0.00149698500366649
2019,OTHER,clearance_off_line_p90,0.00464354932027223
2018,GK,clearance_off_line_p90,0
2018,DEF,clearance_off_line_p90,0.0163519844761256
2018,MID,clearance_off_line_p90,0.00289401483371539
2018,FWD,clearance_off_line_p90,0.00172622052021688
2018,OTHER,clearance_off_line_p90,0.00513928464726425
2017,GK,clearance_off_line_p90,0.000164527805199079
2017,DEF,clearance_off_line_p90,0.0146826932241713
2017,MID,clearance_off_line_p90,0.00310133470129174
2017,FWD,clearance_off_line_p90,0.00199734005943263
2017,OTHER,clearance_off_line_p90,0.00623465457054326
2016,GK,clearance_off_line_p90,9.27557740469344e-05
2016,DEF,clearance_off_line_p90,0.0155298876643813
2016,MID,clearance_off_line_p90,0.00466597697321101
2016,FWD,clearance_off_line_p90,0.00220213710775734
2016,OTHER,clearance_off_line_p90,0.00614661025776877
2015,GK,clearance_off_line_p90,0
2015,DEF,clearance_off_line_p90,0.0152309660807503
2015,MID,clearance_off_line_p90,0.00339263792777247
2015,FWD,clearance_off_line_p90,0.00145773988296364
2015,OTHER,clearance_off_line_p90,0.00566882460380586
2014,GK,clearance_off_line_p90,0
2014,DEF,clearance_off_line_p90,0.0210197155173942
2014,MID,clearance_off_line_p90,0.00552513618594587
2014,FWD,clearance_off_line_p90,0.00207046702905769
2014,OTHER,clearance_off_line_p90,0.00845146487370897
2027,GK,unsuccessful_touch_p90,0.0323458073458073
2027,DEF,unsuccessful_touch_p90,0.666552439165248
2027,MID,unsuccessful_touch_p90,1.34879772439056
2027,FWD,unsuccessful_touch_p90,2.19548287424168
2027,OTHER,unsuccessful_touch_p90,2.13316958602292
2026,GK,unsuccessful_touch_p90,0.0308060324544078
2026,DEF,unsuccessful_touch_p90,0.789542629964343
2026,MID,unsuccessful_touch_p90,1.62296943530731
2026,FWD,unsuccessful_touch_p90,2.59095212452936
2026,OTHER,unsuccessful_touch_p90,2.56810309592219
2025,GK,unsuccessful_touch_p90,0.0294771958683576
2025,DEF,unsuccessful_touch_p90,0.768448268263502
2025,MID,unsuccessful_touch_p90,1.54468682078995
2025,FWD,unsuccessful_touch_p90,2.46783065012793
2025,OTHER,unsuccessful_touch_p90,2.31768966939951
2024,GK,unsuccessful_touch_p90,0.029541241276136
2024,DEF,unsuccessful_touch_p90,0.758297666719849
2024,MID,unsuccessful_touch_p90,1.57027854755425
2024,FWD,unsuccessful_touch_p90,2.53759075937359
2024,OTHER,unsuccessful_touch_p90,2.42260475774497
2023,GK,unsuccessful_touch_p90,0.0305284141101361
2023,DEF,unsuccessful_touch_p90,0.728775311052314
2023,MID,unsuccessful_touch_p90,1.58645963867091
2023,FWD,unsuccessful_touch_p90,2.55824789599337
2023,OTHER,unsuccessful_touch_p90,2.41251547563887
2022,GK,unsuccessful_touch_p90,0.0311410210551854
2022,DEF,unsuccessful_touch_p90,0.781284753445863
2022,MID,unsuccessful_touch_p90,1.71989988333568
2022,FWD,unsuccessful_touch_p90,2.77377482664747
2022,OTHER,unsuccessful_touch_p90,2.57106558553644
2021,GK,unsuccessful_touch_p90,0.0331862762643269
2021,DEF,unsuccessful_touch_p90,0.741505601142408
2021,MID,unsuccessful_touch_p90,1.67198386137375
2021,FWD,unsuccessful_touch_p90,2.70323490279894
2021,OTHER,unsuccessful_touch_p90,2.42912019897077
2020,GK,unsuccessful_touch_p90,0.0312476270695157
2020,DEF,unsuccessful_touch_p90,0.707577254671592
2020,MID,unsuccessful_touch_p90,1.63054331693902
2020,FWD,unsuccessful_touch_p90,2.65677223963079
2020,OTHER,unsuccessful_touch_p90,2.54269362325152
2019,GK,unsuccessful_touch_p90,0.0364230085653104
2019,DEF,unsuccessful_touch_p90,0.65401325842819
2019,MID,unsuccessful_touch_p90,1.57528422723939
2019,FWD,unsuccessful_touch_p90,2.51446631962414
2019,OTHER,unsuccessful_touch_p90,2.36898217108055
2018,GK,unsuccessful_touch_p90,0.0372717276516386
2018,DEF,unsuccessful_touch_p90,0.635693250742647
2018,MID,unsuccessful_touch_p90,1.55764199196332
2018,FWD,unsuccessful_touch_p90,2.48175394461504
2018,OTHER,unsuccessful_touch_p90,2.3619196082546
2017,GK,unsuccessful_touch_p90,0.0429276895655635
2017,DEF,unsuccessful_touch_p90,0.64116369135275
2017,MID,unsuccessful_touch_p90,1.56809976493524
2017,FWD,unsuccessful_touch_p90,2.47255227358225
2017,OTHER,unsuccessful_touch_p90,2.2749966493072
2016,GK,unsuccessful_touch_p90,0.0416231087546852
2016,DEF,unsuccessful_touch_p90,0.603350239704818
2016,MID,unsuccessful_touch_p90,1.5153447589454
2016,FWD,unsuccessful_touch_p90,2.44666622465745
2016,OTHER,unsuccessful_touch_p90,1.78201154256703
2015,GK,unsuccessful_touch_p90,0.0490342827942036
2015,DEF,unsuccessful_touch_p90,0.648285709037552
2015,MID,unsuccessful_touch_p90,1.4951299898377
2015,FWD,unsuccessful_touch_p90,2.4323388574926
2015,OTHER,unsuccessful_touch_p90,1.88489900962954
2014,GK,unsuccessful_touch_p90,0.0393170426065163
2014,DEF,unsuccessful_touch_p90,0.536716874881993
2014,MID,unsuccessful_touch_p90,1.26873119168636
2014,FWD,unsuccessful_touch_p90,2.09639324622516
2014,OTHER,unsuccessful_touch_p90,1.66146581617165
2027,GK,overrun_p90,0
2027,DEF,overrun_p90,0.0295931797014214
2027,MID,overrun_p90,0.0781331379944949
2027,FWD,overrun_p90,0.13342833832519
2027,OTHER,overrun_p90,0.14525304193751
2026,GK,overrun_p90,0.000366327203458129
2026,DEF,overrun_p90,0.0435783322340384
2026,MID,overrun_p90,0.0968099287614526
2026,FWD,overrun_p90,0.162375197221379
2026,OTHER,overrun_p90,0.17713948652468
2025,GK,overrun_p90,0.000315866471605267
2025,DEF,overrun_p90,0.0487054462378071
2025,MID,overrun_p90,0.108559346234083
2025,FWD,overrun_p90,0.184087678950409
2025,OTHER,overrun_p90,0.185497099016107
2024,GK,overrun_p90,0.000334896182183523
2024,DEF,overrun_p90,0.0538665821375002
2024,MID,overrun_p90,0.120173670635963
2024,FWD,overrun_p90,0.206236934219641
2024,OTHER,overrun_p90,0.220058307719182
2023,GK,overrun_p90,0
2023,DEF,overrun_p90,0.0599515485803452
2023,MID,overrun_p90,0.135282501156142
2023,FWD,overrun_p90,0.212300231573793
2023,OTHER,overrun_p90,0.225938898339323
2022,GK,overrun_p90,0.000277816363383803
2022,DEF,overrun_p90,0.0641475670513832
2022,MID,overrun_p90,0.143154352997449
2022,FWD,overrun_p90,0.224231426733348
2022,OTHER,overrun_p90,0.243894186142126
2021,GK,overrun_p90,7.16127184187912e-05
2021,DEF,overrun_p90,0.0717003103853413
2021,MID,overrun_p90,0.149862909836987
2021,FWD,overrun_p90,0.247214529066521
2021,OTHER,overrun_p90,0.256555102779481
2020,GK,overrun_p90,0.000935016362786349
2020,DEF,overrun_p90,0.0833019354427413
2020,MID,overrun_p90,0.176375070389
2020,FWD,overrun_p90,0.2784011980724
2020,OTHER,overrun_p90,0.314197763792972
2019,GK,overrun_p90,0.000595878506993296
2019,DEF,overrun_p90,0.0848918965672255
2019,MID,overrun_p90,0.187196583461674
2019,FWD,overrun_p90,0.274085880144009
2019,OTHER,overrun_p90,0.325561551143396
2018,GK,overrun_p90,0.000332667997338656
2018,DEF,overrun_p90,0.0995259607925886
2018,MID,overrun_p90,0.238795483233119
2018,FWD,overrun_p90,0.304561922696082
2018,OTHER,overrun_p90,0.397919982876793
2017,GK,overrun_p90,0.000329055610398157
2017,DEF,overrun_p90,0.107011234339572
2017,MID,overrun_p90,0.258587681894161
2017,FWD,overrun_p90,0.326232196748178
2017,OTHER,overrun_p90,0.442254909054189
2016,GK,overrun_p90,0.000463778870234672
2016,DEF,overrun_p90,0.117987793173628
2016,MID,overrun_p90,0.279947743368465
2016,FWD,overrun_p90,0.343885978859232
2016,OTHER,overrun_p90,0.38623605423755
2015,GK,overrun_p90,0.000566144555576524
2015,DEF,overrun_p90,0.139805426880441
2015,MID,overrun_p90,0.300001729157698
2015,FWD,overrun_p90,0.411356557285947
2015,OTHER,overrun_p90,0.418555424810485
2014,GK,overrun_p90,0.0006265664160401
2014,DEF,overrun_p90,0.137710702266339
2014,MID,overrun_p90,0.25100424275153
2014,FWD,overrun_p90,0.386736862362005
2014,OTHER,overrun_p90,0.377498432198286
2027,GK,flick_on_p90,0.000900900900900901
2027,DEF,flick_on_p90,0.0778161898553354
2027,MID,flick_on_p90,0.313803250974095
2027,FWD,flick_on_p90,0.730433144221686
2027,OTHER,flick_on_p90,0.584914144028692
2026,GK,flick_on_p90,0.000146530881383252
2026,DEF,flick_on_p90,0.112090126853419
2026,MID,flick_on_p90,0.419094907610027
2026,FWD,flick_on_p90,0.991344404764348
2026,OTHER,flick_on_p90,0.782074052053334
2025,GK,flick_on_p90,0.000199494613645432
2025,DEF,flick_on_p90,0.104327080354217
2025,MID,flick_on_p90,0.447152763247739
2025,FWD,flick_on_p90,1.02306050604371
2025,OTHER,flick_on_p90,0.803704448827018
2024,GK,flick_on_p90,0.000267916945746818
2024,DEF,flick_on_p90,0.097958081497279
2024,MID,flick_on_p90,0.452350293687684
2024,FWD,flick_on_p90,1.0868091001225
2024,OTHER,flick_on_p90,0.844858148104609
2023,GK,flick_on_p90,0.000140656867571559
2023,DEF,flick_on_p90,0.0894622295698345
2023,MID,flick_on_p90,0.437912266035565
2023,FWD,flick_on_p90,1.17219205688559
2023,OTHER,flick_on_p90,0.842897607988646
2022,GK,flick_on_p90,0.000278596746427016
2022,DEF,flick_on_p90,0.0882808421190415
2022,MID,flick_on_p90,0.441669973201604
2022,FWD,flick_on_p90,1.19700618097959
2022,OTHER,flick_on_p90,0.864922593409894
2021,GK,flick_on_p90,0.000358063592093956
2021,DEF,flick_on_p90,0.0854556705595176
2021,MID,flick_on_p90,0.439886255727725
2021,FWD,flick_on_p90,1.2536136549999
2021,OTHER,flick_on_p90,0.838087227204147
2020,GK,flick_on_p90,0.000350631136044881
2020,DEF,flick_on_p90,0.0928059304446195
2020,MID,flick_on_p90,0.47851650694471
2020,FWD,flick_on_p90,1.36301403089008
2020,OTHER,flick_on_p90,0.968937374760054
2019,GK,flick_on_p90,0
2019,DEF,flick_on_p90,0.101368213768518
2019,MID,flick_on_p90,0.525218368224914
2019,FWD,flick_on_p90,1.47717025999399
2019,OTHER,flick_on_p90,1.06671667708343
2018,GK,flick_on_p90,0.000249500998003992
2018,DEF,flick_on_p90,0.113581136995499
2018,MID,flick_on_p90,0.602054155084866
2018,FWD,flick_on_p90,1.72934824811531
2018,OTHER,flick_on_p90,1.1445390746936
2017,GK,flick_on_p90,0.000411319512997697
2017,DEF,flick_on_p90,0.126785064075515
2017,MID,flick_on_p90,0.652193267181662
2017,FWD,flick_on_p90,1.87377291209568
2017,OTHER,flick_on_p90,1.27066878849225
2016,GK,flick_on_p90,0.000185511548093869
2016,DEF,flick_on_p90,0.126815024671082
2016,MID,flick_on_p90,0.738886593246784
2016,FWD,flick_on_p90,2.1639026139544
2016,OTHER,flick_on_p90,1.09584595593734
2015,GK,flick_on_p90,0.000353840347235327
2015,DEF,flick_on_p90,0.115905837583233
2015,MID,flick_on_p90,0.69054950334474
2015,FWD,flick_on_p90,1.93760758189088
2015,OTHER,flick_on_p90,1.10696308428179
2014,GK,flick_on_p90,0
2014,DEF,flick_on_p90,0.119687321927024
2014,MID,flick_on_p90,0.723721911347907
2014,FWD,flick_on_p90,1.76146201685692
2014,OTHER,flick_on_p90,1.1948469002214
2027,GK,xg_per90,0
2027,DEF,xg_per90,0
2027,MID,xg_per90,0
2027,FWD,xg_per90,0
2027,OTHER,xg_per90,0
2026,GK,xg_per90,0.000441790607370503
2026,DEF,xg_per90,0.0420594769458627
2026,MID,xg_per90,0.104324901758804
2026,FWD,xg_per90,0.262854869003279
2026,OTHER,xg_per90,0.214088761043764
2025,GK,xg_per90,0.000287272243649421
2025,DEF,xg_per90,0.043010063559322
2025,MID,xg_per90,0.107776350302446
2025,FWD,xg_per90,0.282257237291999
2025,OTHER,xg_per90,0.217948380142524
2024,GK,xg_per90,0.000677829872739451
2024,DEF,xg_per90,0.04511559254517
2024,MID,xg_per90,0.11232585041391
2024,FWD,xg_per90,0.299259660630258
2024,OTHER,xg_per90,0.239159697001141
2023,GK,xg_per90,0.000666713552289191
2023,DEF,xg_per90,0.0429206355147183
2023,MID,xg_per90,0.105400268086532
2023,FWD,xg_per90,0.285673806609547
2023,OTHER,xg_per90,0.219182660489742
2022,GK,xg_per90,0.00043756077232949
2022,DEF,xg_per90,0.0442825594774153
2022,MID,xg_per90,0.105147350601598
2022,FWD,xg_per90,0.292166976786749
2022,OTHER,xg_per90,0.22170229593617
2021,GK,xg_per90,0.000338728158120882
2021,DEF,xg_per90,0.0406541110920297
2021,MID,xg_per90,0.104474087239313
2021,FWD,xg_per90,0.291926069421068
2021,OTHER,xg_per90,0.208742984875868
2020,GK,xg_per90,0.00050140252454418
2020,DEF,xg_per90,0.0437660990050662
2020,MID,xg_per90,0.107527157141094
2020,FWD,xg_per90,0.300144378455867
2020,OTHER,xg_per90,0.24976133162612
2019,GK,xg_per90,0.000281387072746834
2019,DEF,xg_per90,0.0410989885947923
2019,MID,xg_per90,0.112516552280985
2019,FWD,xg_per90,0.306323586076979
2019,OTHER,xg_per90,0.241016098926738
2018,GK,xg_per90,0.000795076513639388
2018,DEF,xg_per90,0.0392645000107687
2018,MID,xg_per90,0.116856942841466
2018,FWD,xg_per90,0.325299754176491
2018,OTHER,xg_per90,0.246719910994556
2017,GK,xg_per90,0.000681145113524186
2017,DEF,xg_per90,0.0414298655879998
2017,MID,xg_per90,0.114297477529719
2017,FWD,xg_per90,0.319626269785022
2017,OTHER,xg_per90,0.241755417834445
2016,GK,xg_per90,0.00058065114553381
2016,DEF,xg_per90,0.0387607778151783
2016,MID,xg_per90,0.115039286722499
2016,FWD,xg_per90,0.321855833842395
2016,OTHER,xg_per90,0.196767220287269
2015,GK,xg_per90,0.0011719192300434
2015,DEF,xg_per90,0.0367638767874532
2015,MID,xg_per90,0.106785697258641
2015,FWD,xg_per90,0.293740082690803
2015,OTHER,xg_per90,0.19291565314575
2014,GK,xg_per90,0.000526315789473684
2014,DEF,xg_per90,0.0369572591587517
2014,MID,xg_per90,0.112920225331637
2014,FWD,xg_per90,0.285452158693116
2014,OTHER,xg_per90,0.165742125984252
2027,GK,npxg_per90,0
2027,DEF,npxg_per90,0
2027,MID,npxg_per90,0
2027,FWD,npxg_per90,0
2027,OTHER,npxg_per90,0
2026,GK,npxg_per90,0.000216133050040296
2026,DEF,npxg_per90,0.0405123358147874
2026,MID,npxg_per90,0.0959827934836519
2026,FWD,npxg_per90,0.23430968070544
2026,OTHER,npxg_per90,0.201148551469077
2025,GK,npxg_per90,8.24577736401117e-05
2025,DEF,npxg_per90,0.0418467514124294
2025,MID,npxg_per90,0.0990460896097639
2025,FWD,npxg_per90,0.253737462958742
2025,OTHER,npxg_per90,0.206054055133042
2024,GK,npxg_per90,0.000162089752176825
2024,DEF,npxg_per90,0.04394508464931
2024,MID,npxg_per90,0.102596247695478
2024,FWD,npxg_per90,0.269703693141309
2024,OTHER,npxg_per90,0.226090277057175
2023,GK,npxg_per90,0.000179337506153738
2023,DEF,npxg_per90,0.0413019069184273
2023,MID,npxg_per90,0.0957310943143315
2023,FWD,npxg_per90,0.253820685434517
2023,OTHER,npxg_per90,0.206398191043459
2022,GK,npxg_per90,0.00017016252257258
2022,DEF,npxg_per90,0.0424084177708496
2022,MID,npxg_per90,0.0952563845859803
2022,FWD,npxg_per90,0.260236403013757
2022,OTHER,npxg_per90,0.207895042917956
2021,GK,npxg_per90,0.000173302778573475
2021,DEF,npxg_per90,0.0388591218730322
2021,MID,npxg_per90,0.0926364650494432
2021,FWD,npxg_per90,0.257485788688113
2021,OTHER,npxg_per90,0.194649719395035
2020,GK,npxg_per90,0.000411407199625993
2020,DEF,npxg_per90,0.0414655435512421
2020,MID,npxg_per90,0.0958165658560672
2020,FWD,npxg_per90,0.266913270530412
2020,OTHER,npxg_per90,0.233762868117798
2019,GK,npxg_per90,9.02093850864851e-05
2019,DEF,npxg_per90,0.0394366257800732
2019,MID,npxg_per90,0.101287040775131
2019,FWD,npxg_per90,0.272596223830115
2019,OTHER,npxg_per90,0.228093016021154
2018,GK,npxg_per90,0.000218729208250166
2018,DEF,npxg_per90,0.0379550300445823
2018,MID,npxg_per90,0.106735663065484
2018,FWD,npxg_per90,0.291273265439221
2018,OTHER,npxg_per90,0.23159693249096
2017,GK,npxg_per90,0.000111056268509378
2017,DEF,npxg_per90,0.0396787173977163
2017,MID,npxg_per90,0.103841499951677
2017,FWD,npxg_per90,0.28278667611623
2017,OTHER,npxg_per90,0.22965262700825
2016,GK,npxg_per90,0.000152119469436972
2016,DEF,npxg_per90,0.0372937003184796
2016,MID,npxg_per90,0.106191540415922
2016,FWD,npxg_per90,0.289623091020159
2016,OTHER,npxg_per90,0.184667108027978
2015,GK,npxg_per90,0.00015474617852425
2015,DEF,npxg_per90,0.0350945620419251
2015,MID,npxg_per90,0.0971580452920143
2015,FWD,npxg_per90,0.261625879986591
2015,OTHER,npxg_per90,0.182278614160805
2014,GK,npxg_per90,4.3859649122807e-05
2014,DEF,npxg_per90,0.036044776119403
2014,MID,npxg_per90,0.100116300199891
2014,FWD,npxg_per90,0.257421236872812
2014,OTHER,npxg_per90,0.159035433070866
2027,GK,xa_per90_xmetrics,0
2027,DEF,xa_per90_xmetrics,0
2027,MID,xa_per90_xmetrics,0
2027,FWD,xa_per90_xmetrics,0
2027,OTHER,xa_per90_xmetrics,0
2026,GK,xa_per90_xmetrics,0.0025144699245366
2026,DEF,xa_per90_xmetrics,0.0342175624585883
2026,MID,xa_per90_xmetrics,0.0745978787531952
2026,FWD,xa_per90_xmetrics,0.0907433228281285
2026,OTHER,xa_per90_xmetrics,0.101510170536265
2025,GK,xa_per90_xmetrics,0.00203617502327437
2025,DEF,xa_per90_xmetrics,0.036277365819209
2025,MID,xa_per90_xmetrics,0.0788557000874329
2025,FWD,xa_per90_xmetrics,0.101857476635514
2025,OTHER,xa_per90_xmetrics,0.107551549993014
2024,GK,xa_per90_xmetrics,0.00229135967849967
2024,DEF,xa_per90_xmetrics,0.0379586356522976
2024,MID,xa_per90_xmetrics,0.0822202942558652
2024,FWD,xa_per90_xmetrics,0.108566947098246
2024,OTHER,xa_per90_xmetrics,0.119681436131576
2023,GK,xa_per90_xmetrics,0.00198044869540755
2023,DEF,xa_per90_xmetrics,0.034819881355615
2023,MID,xa_per90_xmetrics,0.0792391182931824
2023,FWD,xa_per90_xmetrics,0.102182986536108
2023,OTHER,xa_per90_xmetrics,0.10701632472976
2022,GK,xa_per90_xmetrics,0.00188151132101681
2022,DEF,xa_per90_xmetrics,0.0351347288720632
2022,MID,xa_per90_xmetrics,0.07909023062781
2022,FWD,xa_per90_xmetrics,0.104098160632035
2022,OTHER,xa_per90_xmetrics,0.114629789015795
2021,GK,xa_per90_xmetrics,0.00167430535663134
2021,DEF,xa_per90_xmetrics,0.0346129333867613
2021,MID,xa_per90_xmetrics,0.0769810357541266
2021,FWD,xa_per90_xmetrics,0.100716758233034
2021,OTHER,xa_per90_xmetrics,0.104917245315324
2020,GK,xa_per90_xmetrics,0.0021645628798504
2020,DEF,xa_per90_xmetrics,0.0364856863822255
2020,MID,xa_per90_xmetrics,0.0804092087396618
2020,FWD,xa_per90_xmetrics,0.105594921155028
2020,OTHER,xa_per90_xmetrics,0.118756466069142
2019,GK,xa_per90_xmetrics,0.00160142348754448
2019,DEF,xa_per90_xmetrics,0.0344254357650097
2019,MID,xa_per90_xmetrics,0.0796124343964473
2019,FWD,xa_per90_xmetrics,0.10066660958171
2019,OTHER,xa_per90_xmetrics,0.116019987556385
2018,GK,xa_per90_xmetrics,0.00156852960745176
2018,DEF,xa_per90_xmetrics,0.0341554134091448
2018,MID,xa_per90_xmetrics,0.0843051482413486
2018,FWD,xa_per90_xmetrics,0.103275472833994
2018,OTHER,xa_per90_xmetrics,0.122709897882147
2017,GK,xa_per90_xmetrics,0.00144455412964791
2017,DEF,xa_per90_xmetrics,0.0348059663759322
2017,MID,xa_per90_xmetrics,0.0839089591185851
2017,FWD,xa_per90_xmetrics,0.101705646113867
2017,OTHER,xa_per90_xmetrics,0.123451229621442
2016,GK,xa_per90_xmetrics,0.00145255542157499
2016,DEF,xa_per90_xmetrics,0.0342813495248699
2016,MID,xa_per90_xmetrics,0.0859871083090242
2016,FWD,xa_per90_xmetrics,0.103568112400733
2016,OTHER,xa_per90_xmetrics,0.0995915488903601
2015,GK,xa_per90_xmetrics,0.00116814493300623
2015,DEF,xa_per90_xmetrics,0.0307693096202142
2015,MID,xa_per90_xmetrics,0.0774126340882002
2015,FWD,xa_per90_xmetrics,0.0989641300703989
2015,OTHER,xa_per90_xmetrics,0.0946841101834199
2014,GK,xa_per90_xmetrics,0.00231829573934837
2014,DEF,xa_per90_xmetrics,0.0293877204884668
2014,MID,xa_per90_xmetrics,0.0682918408141014
2014,FWD,xa_per90_xmetrics,0.0852946324387398
2014,OTHER,xa_per90_xmetrics,0.0665314960629921
2027,GK,xpass_overperformance_per90_xmetrics,0
2027,DEF,xpass_overperformance_per90_xmetrics,0
2027,MID,xpass_overperformance_per90_xmetrics,0
2027,FWD,xpass_overperformance_per90_xmetrics,0
2027,OTHER,xpass_overperformance_per90_xmetrics,0
2026,GK,xpass_overperformance_per90_xmetrics,0.639890101838963
2026,DEF,xpass_overperformance_per90_xmetrics,0.84988092918112
2026,MID,xpass_overperformance_per90_xmetrics,-0.021797909274732
2026,FWD,xpass_overperformance_per90_xmetrics,-0.936567026390348
2026,OTHER,xpass_overperformance_per90_xmetrics,-0.406804100175787
2025,GK,xpass_overperformance_per90_xmetrics,0.616931772842133
2025,DEF,xpass_overperformance_per90_xmetrics,0.823466984463277
2025,MID,xpass_overperformance_per90_xmetrics,-0.0520050675374266
2025,FWD,xpass_overperformance_per90_xmetrics,-0.998101208114885
2025,OTHER,xpass_overperformance_per90_xmetrics,-0.418143202187756
2024,GK,xpass_overperformance_per90_xmetrics,0.686833891493637
2024,DEF,xpass_overperformance_per90_xmetrics,0.585126973965002
2024,MID,xpass_overperformance_per90_xmetrics,-0.157795972960272
2024,FWD,xpass_overperformance_per90_xmetrics,-1.10226721802367
2024,OTHER,xpass_overperformance_per90_xmetrics,-0.580212099200996
2023,GK,xpass_overperformance_per90_xmetrics,0.743830086503974
2023,DEF,xpass_overperformance_per90_xmetrics,0.349497913430769
2023,MID,xpass_overperformance_per90_xmetrics,-0.323347916744238
2023,FWD,xpass_overperformance_per90_xmetrics,-1.28182068543452
2023,OTHER,xpass_overperformance_per90_xmetrics,-0.732082947275535
2022,GK,xpass_overperformance_per90_xmetrics,0.669716627309349
2022,DEF,xpass_overperformance_per90_xmetrics,0.248072040975393
2022,MID,xpass_overperformance_per90_xmetrics,-0.427376995467536
2022,FWD,xpass_overperformance_per90_xmetrics,-1.32797486502151
2022,OTHER,xpass_overperformance_per90_xmetrics,-0.797087161832097
2021,GK,xpass_overperformance_per90_xmetrics,0.732549412775709
2021,DEF,xpass_overperformance_per90_xmetrics,0.375531322151621
2021,MID,xpass_overperformance_per90_xmetrics,-0.368840212520562
2021,FWD,xpass_overperformance_per90_xmetrics,-1.38696020832672
2021,OTHER,xpass_overperformance_per90_xmetrics,-0.731847712356131
2020,GK,xpass_overperformance_per90_xmetrics,0.850008181393174
2020,DEF,xpass_overperformance_per90_xmetrics,0.33745406824147
2020,MID,xpass_overperformance_per90_xmetrics,-0.333496790519689
2020,FWD,xpass_overperformance_per90_xmetrics,-1.32536913782511
2020,OTHER,xpass_overperformance_per90_xmetrics,-0.700056338028169
2019,GK,xpass_overperformance_per90_xmetrics,0.924443432922287
2019,DEF,xpass_overperformance_per90_xmetrics,0.434818162255218
2019,MID,xpass_overperformance_per90_xmetrics,-0.252288050060557
2019,FWD,xpass_overperformance_per90_xmetrics,-1.30130881534444
2019,OTHER,xpass_overperformance_per90_xmetrics,-0.628552652045419
2018,GK,xpass_overperformance_per90_xmetrics,0.882550731869594
2018,DEF,xpass_overperformance_per90_xmetrics,0.427909801641145
2018,MID,xpass_overperformance_per90_xmetrics,-0.391000889258888
2018,FWD,xpass_overperformance_per90_xmetrics,-1.54307931570762
2018,OTHER,xpass_overperformance_per90_xmetrics,-0.728507569436166
2017,GK,xpass_overperformance_per90_xmetrics,0.868633596577822
2017,DEF,xpass_overperformance_per90_xmetrics,0.298071461677833
2017,MID,xpass_overperformance_per90_xmetrics,-0.566907509423021
2017,FWD,xpass_overperformance_per90_xmetrics,-1.72828537680132
2017,OTHER,xpass_overperformance_per90_xmetrics,-0.89394386768247
2016,GK,xpass_overperformance_per90_xmetrics,0.911144606251739
2016,DEF,xpass_overperformance_per90_xmetrics,0.137040729136998
2016,MID,xpass_overperformance_per90_xmetrics,-0.612679966124024
2016,FWD,xpass_overperformance_per90_xmetrics,-1.64681857055589
2016,OTHER,xpass_overperformance_per90_xmetrics,-0.695356783051726
2015,GK,xpass_overperformance_per90_xmetrics,0.972283449707492
2015,DEF,xpass_overperformance_per90_xmetrics,0.200092255650659
2015,MID,xpass_overperformance_per90_xmetrics,-0.520454350417163
2015,FWD,xpass_overperformance_per90_xmetrics,-1.52459827913733
2015,OTHER,xpass_overperformance_per90_xmetrics,-0.598176319768589
2014,GK,xpass_overperformance_per90_xmetrics,1.12459899749373
2014,DEF,xpass_overperformance_per90_xmetrics,0.588475237449118
2014,MID,xpass_overperformance_per90_xmetrics,-0.371239324005088
2014,FWD,xpass_overperformance_per90_xmetrics,-1.42356476079347
2014,OTHER,xpass_overperformance_per90_xmetrics,-0.438927165354331
2027,GK,npg_minus_npxg_per90,0
2027,DEF,npg_minus_npxg_per90,0
2027,MID,npg_minus_npxg_per90,0
2027,FWD,npg_minus_npxg_per90,0
2027,OTHER,npg_minus_npxg_per90,0
2026,GK,npg_minus_npxg_per90,2.27122866144039e-06
2026,DEF,npg_minus_npxg_per90,-0.00311883696457107
2026,MID,npg_minus_npxg_per90,-0.00118249971386059
2026,FWD,npg_minus_npxg_per90,-6.62146245185104e-06
2026,OTHER,npg_minus_npxg_per90,-0.00563438577266397
2025,GK,npg_minus_npxg_per90,-8.14603005718846e-05
2025,DEF,npg_minus_npxg_per90,-0.00412093926553672
2025,MID,npg_minus_npxg_per90,-0.0013387934264761
2025,FWD,npg_minus_npxg_per90,-0.00311425803510372
2025,OTHER,npg_minus_npxg_per90,-0.00466203565083738
2024,GK,npg_minus_npxg_per90,-2.85331547220362e-05
2024,DEF,npg_minus_npxg_per90,-0.00444366197183099
2024,MID,npg_minus_npxg_per90,-0.00653596862234754
2024,FWD,npg_minus_npxg_per90,-0.00453560530443462
2024,OTHER,npg_minus_npxg_per90,-0.00908627166130539
2023,GK,npg_minus_npxg_per90,0.000170827765665659
2023,DEF,npg_minus_npxg_per90,-0.00402769616557816
2023,MID,npg_minus_npxg_per90,-0.00282775440294895
2023,FWD,npg_minus_npxg_per90,-0.0014093635250918
2023,OTHER,npg_minus_npxg_per90,-0.0083364438561659
2022,GK,npg_minus_npxg_per90,-0.000170995971662731
2022,DEF,npg_minus_npxg_per90,-0.00567173291764095
2022,MID,npg_minus_npxg_per90,-0.00281362287711379
2022,FWD,npg_minus_npxg_per90,-0.00373513711374798
2022,OTHER,npg_minus_npxg_per90,-0.00786522133569053
2021,GK,npg_minus_npxg_per90,4.07476367802922e-05
2021,DEF,npg_minus_npxg_per90,-0.00419680577022154
2021,MID,npg_minus_npxg_per90,-0.00216241562517726
2021,FWD,npg_minus_npxg_per90,0.00257661405570199
2021,OTHER,npg_minus_npxg_per90,-0.00396956149529154
2020,GK,npg_minus_npxg_per90,-0.000295815801776531
2020,DEF,npg_minus_npxg_per90,-0.00370356467069523
2020,MID,npg_minus_npxg_per90,-0.00500984446364646
2020,FWD,npg_minus_npxg_per90,0.00418677042801556
2020,OTHER,npg_minus_npxg_per90,-0.00395170294494238
2019,GK,npg_minus_npxg_per90,-8.90507324339982e-05
2019,DEF,npg_minus_npxg_per90,-0.00530723047127179
2019,MID,npg_minus_npxg_per90,-0.00288554703270085
2019,FWD,npg_minus_npxg_per90,-0.00224288221946312
2019,OTHER,npg_minus_npxg_per90,0.0014008788303002
2018,GK,npg_minus_npxg_per90,-5.63872255489022e-05
2018,DEF,npg_minus_npxg_per90,-0.00484114061726002
2018,MID,npg_minus_npxg_per90,-0.00245265169432199
2018,FWD,npg_minus_npxg_per90,0.00408714192545026
2018,OTHER,npg_minus_npxg_per90,-0.0136588389557754
2017,GK,npg_minus_npxg_per90,-2.9285949325436e-05
2017,DEF,npg_minus_npxg_per90,-0.00552271099313193
2017,MID,npg_minus_npxg_per90,0.000575490480332463
2017,FWD,npg_minus_npxg_per90,0.0130291991495393
2017,OTHER,npg_minus_npxg_per90,0.000299609205384281
2016,GK,npg_minus_npxg_per90,3.116594007977e-05
2016,DEF,npg_minus_npxg_per90,-0.00497980373372
2016,MID,npg_minus_npxg_per90,-0.00128027665380634
2016,FWD,npg_minus_npxg_per90,-0.00738307880268784
2016,OTHER,npg_minus_npxg_per90,0.00239794479145678
2015,GK,npg_minus_npxg_per90,-0.000153613889413097
2015,DEF,npg_minus_npxg_per90,-0.00331167033980831
2015,MID,npg_minus_npxg_per90,-0.00227303933253874
2015,FWD,npg_minus_npxg_per90,0.00803452899765337
2015,OTHER,npg_minus_npxg_per90,0.00373098415620275
2014,GK,npg_minus_npxg_per90,-4.51127819548872e-05
2014,DEF,npg_minus_npxg_per90,-0.00763924694708277
2014,MID,npg_minus_npxg_per90,0.0040606941668181
2014,FWD,npg_minus_npxg_per90,-0.00260997666277713
2014,OTHER,npg_minus_npxg_per90,-0.00178484251968504
2027,GK,placement_added_per90,0
2027,DEF,placement_added_per90,0
2027,MID,placement_added_per90,0
2027,FWD,placement_added_per90,0
2027,OTHER,placement_added_per90,0
2026,GK,placement_added_per90,-0.000110117957359514
2026,DEF,placement_added_per90,-6.34524691117433e-05
2026,MID,placement_added_per90,0.00233995269161802
2026,FWD,placement_added_per90,0.00982048833285582
2026,OTHER,placement_added_per90,0.00919416478323403
2025,GK,placement_added_per90,1.70900385689586e-05
2025,DEF,placement_added_per90,-0.000729149011299435
2025,MID,placement_added_per90,0.00214813625252039
2025,FWD,placement_added_per90,0.00806958057898336
2025,OTHER,placement_added_per90,0.00825981595704334
2024,GK,placement_added_per90,1.30609511051574e-05
2024,DEF,placement_added_per90,-0.00302690638782188
2024,MID,placement_added_per90,-0.00409004807866103
2024,FWD,placement_added_per90,-0.00146670469128761
2024,OTHER,placement_added_per90,-0.00225935457092456
2023,GK,placement_added_per90,7.84162036711443e-05
2023,DEF,placement_added_per90,-0.00352665755936898
2023,MID,placement_added_per90,-0.00182645120452768
2023,FWD,placement_added_per90,0.000992992656058752
2023,OTHER,placement_added_per90,-0.00379730862563424
2022,GK,placement_added_per90,-3.84081122378108e-05
2022,DEF,placement_added_per90,-0.00411186579074342
2022,MID,placement_added_per90,-0.00380104483317254
2022,FWD,placement_added_per90,-0.00269892932312479
2022,OTHER,placement_added_per90,-0.00456230663658145
2021,GK,placement_added_per90,5.73617874534517e-05
2021,DEF,placement_added_per90,-0.00407882534775889
2021,MID,placement_added_per90,-0.00189943088354856
2021,FWD,placement_added_per90,0.000433865794404395
2021,OTHER,placement_added_per90,-0.00227199657566822
2020,GK,placement_added_per90,-7.32819074333801e-05
2020,DEF,placement_added_per90,-0.00561609595312214
2020,MID,placement_added_per90,-0.0041626959634613
2020,FWD,placement_added_per90,-0.000826848249027237
2020,OTHER,placement_added_per90,-0.00300291933418694
2019,GK,placement_added_per90,-1.03451129686336e-05
2019,DEF,placement_added_per90,-0.00424828921885087
2019,MID,placement_added_per90,-0.0021786838918046
2019,FWD,placement_added_per90,-0.000563514149933639
2019,OTHER,placement_added_per90,0.000425143879296935
2018,GK,placement_added_per90,-0.000102544910179641
2018,DEF,placement_added_per90,-0.00462402274342573
2018,MID,placement_added_per90,-0.00414076778990786
2018,FWD,placement_added_per90,0.000774243716450107
2018,OTHER,placement_added_per90,-0.00757678706242302
2017,GK,placement_added_per90,-6.44948996380388e-05
2017,DEF,placement_added_per90,-0.00624118316268487
2017,MID,placement_added_per90,-0.00261585000483232
2017,FWD,placement_added_per90,-0.00329879518072289
2017,OTHER,placement_added_per90,-0.00808644850590139
2016,GK,placement_added_per90,1.66960393284482e-06
2016,DEF,placement_added_per90,-0.00610033401517309
2016,MID,placement_added_per90,-0.00281318810576833
2016,FWD,placement_added_per90,-0.0103229077580941
2016,OTHER,placement_added_per90,-0.00530390604760945
2015,GK,placement_added_per90,-7.24665031137951e-05
2015,DEF,placement_added_per90,-0.00428819640202962
2015,MID,placement_added_per90,-0.00023942789034565
2015,FWD,placement_added_per90,0.00900055872164488
2015,OTHER,placement_added_per90,0.00420610084807047
2014,GK,placement_added_per90,-4.51127819548872e-05
2014,DEF,placement_added_per90,-0.0066165196743555
2014,MID,placement_added_per90,0.00198455387970198
2014,FWD,placement_added_per90,-0.00133809801633606
2014,OTHER,placement_added_per90,0.00376397637795276
2027,GK,aerial_woe_per90,0
2027,DEF,aerial_woe_per90,0
2027,MID,aerial_woe_per90,0
2027,FWD,aerial_woe_per90,0
2027,OTHER,aerial_woe_per90,0
2026,GK,aerial_woe_per90,0.0679693017803502
2026,DEF,aerial_woe_per90,0.146848696262229
2026,MID,aerial_woe_per90,-0.059473675174545
2026,FWD,aerial_woe_per90,-0.166888485658804
2026,OTHER,aerial_woe_per90,-0.106845421546469
2025,GK,aerial_woe_per90,0.0744015161590637
2025,DEF,aerial_woe_per90,0.151193785310734
2025,MID,aerial_woe_per90,-0.0607113644879824
2025,FWD,aerial_woe_per90,-0.162804564622749
2025,OTHER,aerial_woe_per90,-0.126943828971795
2024,GK,aerial_woe_per90,0.0729392498325519
2024,DEF,aerial_woe_per90,0.153323854744629
2024,MID,aerial_woe_per90,-0.0640383002566605
2024,FWD,aerial_woe_per90,-0.169539540852702
2024,OTHER,aerial_woe_per90,-0.128139296461554
2023,GK,aerial_woe_per90,0.0698487235389268
2023,DEF,aerial_woe_per90,0.149252671370025
2023,MID,aerial_woe_per90,-0.0652083814275608
2023,FWD,aerial_woe_per90,-0.153520379436965
2023,OTHER,aerial_woe_per90,-0.129585418045445
2022,GK,aerial_woe_per90,0.0749872899013752
2022,DEF,aerial_woe_per90,0.160369094013287
2022,MID,aerial_woe_per90,-0.062056865136429
2022,FWD,aerial_woe_per90,-0.185841716743434
2022,OTHER,aerial_woe_per90,-0.147981646467701
2021,GK,aerial_woe_per90,0.07370108851332
2021,DEF,aerial_woe_per90,0.166274562558437
2021,MID,aerial_woe_per90,-0.069916901435081
2021,FWD,aerial_woe_per90,-0.19044101114675
2021,OTHER,aerial_woe_per90,-0.150340245410444
2020,GK,aerial_woe_per90,0.0827538569424965
2020,DEF,aerial_woe_per90,0.177722913996216
2020,MID,aerial_woe_per90,-0.0710468769287742
2020,FWD,aerial_woe_per90,-0.205834732746263
2020,OTHER,aerial_woe_per90,-0.191131984635083
2019,GK,aerial_woe_per90,0.0898530166349416
2019,DEF,aerial_woe_per90,0.174063567893264
2019,MID,aerial_woe_per90,-0.0897933185304804
2019,FWD,aerial_woe_per90,-0.196079933210601
2019,OTHER,aerial_woe_per90,-0.167822367397729
2018,GK,aerial_woe_per90,0.0865313539587492
2018,DEF,aerial_woe_per90,0.171514397708428
2018,MID,aerial_woe_per90,-0.0935058558643786
2018,FWD,aerial_woe_per90,-0.203154969146641
2018,OTHER,aerial_woe_per90,-0.147590257082688
2017,GK,aerial_woe_per90,0.0716360644948996
2017,DEF,aerial_woe_per90,0.16460552816753
2017,MID,aerial_woe_per90,-0.0870796752681937
2017,FWD,aerial_woe_per90,-0.193896243798724
2017,OTHER,aerial_woe_per90,-0.139851182252398
2016,GK,aerial_woe_per90,0.0782851312494203
2016,DEF,aerial_woe_per90,0.177699800626602
2016,MID,aerial_woe_per90,-0.0932415074809448
2016,FWD,aerial_woe_per90,-0.225006353084911
2016,OTHER,aerial_woe_per90,-0.111626147779281
2015,GK,aerial_woe_per90,0.0721247405170787
2015,DEF,aerial_woe_per90,0.169234380605812
2015,MID,aerial_woe_per90,-0.0738336114421931
2015,FWD,aerial_woe_per90,-0.246078891496257
2015,OTHER,aerial_woe_per90,-0.0745304056275064
2014,GK,aerial_woe_per90,0.0877926065162907
2014,DEF,aerial_woe_per90,0.163189450474898
2014,MID,aerial_woe_per90,-0.0650223514446665
2014,FWD,aerial_woe_per90,-0.211828179696616
2014,OTHER,aerial_woe_per90,-0.112555708661417
2027,GK,aerial_poss_woe_per90,0
2027,DEF,aerial_poss_woe_per90,0
2027,MID,aerial_poss_woe_per90,0
2027,FWD,aerial_poss_woe_per90,0
2027,OTHER,aerial_poss_woe_per90,0
2026,GK,aerial_poss_woe_per90,0.0270882848560334
2026,DEF,aerial_poss_woe_per90,-0.12299395876369
2026,MID,aerial_poss_woe_per90,-0.0229471023616039
2026,FWD,aerial_poss_woe_per90,-0.0549791169261134
2026,OTHER,aerial_poss_woe_per90,-0.0783251603771431
2025,GK,aerial_poss_woe_per90,0.0387205745444873
2025,DEF,aerial_poss_woe_per90,-0.0766926553672317
2025,MID,aerial_poss_woe_per90,-0.0125196545509698
2025,FWD,aerial_poss_woe_per90,-0.0421742933667654
2025,OTHER,aerial_poss_woe_per90,-0.0443974090264886
2024,GK,aerial_poss_woe_per90,0.0409721366376423
2024,DEF,aerial_poss_woe_per90,0.0464914995020629
2024,MID,aerial_poss_woe_per90,0.0114351480316668
2024,FWD,aerial_poss_woe_per90,-0.0152065022101811
2024,OTHER,aerial_poss_woe_per90,-0.000679921137283386
2023,GK,aerial_poss_woe_per90,0.0432853224558689
2023,DEF,aerial_poss_woe_per90,0.0699403222486292
2023,MID,aerial_poss_woe_per90,0.0212462114160182
2023,FWD,aerial_poss_woe_per90,0.000933690330477357
2023,OTHER,aerial_poss_woe_per90,0.0199818663136995
2022,GK,aerial_poss_woe_per90,0.0467587164884012
2022,DEF,aerial_poss_woe_per90,0.0814757265337936
2022,MID,aerial_poss_woe_per90,0.022038207401205
2022,FWD,aerial_poss_woe_per90,-0.00506909068724644
2022,OTHER,aerial_poss_woe_per90,0.0246289748540324
2021,GK,aerial_poss_woe_per90,0.0538594958464623
2021,DEF,aerial_poss_woe_per90,0.0948667926040414
2021,MID,aerial_poss_woe_per90,0.0302204239066725
2021,FWD,aerial_poss_woe_per90,0.00642891168344501
2021,OTHER,aerial_poss_woe_per90,0.0251320507942547
2020,GK,aerial_poss_woe_per90,0.0551898083216456
2020,DEF,aerial_poss_woe_per90,0.0707586827809315
2020,MID,aerial_poss_woe_per90,0.0161351376373287
2020,FWD,aerial_poss_woe_per90,-0.0237677145197624
2020,OTHER,aerial_poss_woe_per90,-0.00276440460947503
2019,GK,aerial_poss_woe_per90,0.0577629727716627
2019,DEF,aerial_poss_woe_per90,0.0299244458790618
2019,MID,aerial_poss_woe_per90,0.0125519176423092
2019,FWD,aerial_poss_woe_per90,-0.0194286081260436
2019,OTHER,aerial_poss_woe_per90,0.00125248872297402
2018,GK,aerial_poss_woe_per90,0.0570972222222222
2018,DEF,aerial_poss_woe_per90,-0.0368142620232173
2018,MID,aerial_poss_woe_per90,0.00646167672601366
2018,FWD,aerial_poss_woe_per90,-0.00370014548738273
2018,OTHER,aerial_poss_woe_per90,-0.0104884968411014
2017,GK,aerial_poss_woe_per90,0.0559623231326094
2017,DEF,aerial_poss_woe_per90,-0.061145009059116
2017,MID,aerial_poss_woe_per90,-0.00187089977771335
2017,FWD,aerial_poss_woe_per90,0.00824346798960548
2017,OTHER,aerial_poss_woe_per90,-0.00820522638455769
2016,GK,aerial_poss_woe_per90,0.0584689731935813
2016,DEF,aerial_poss_woe_per90,-0.0263858522565444
2016,MID,aerial_poss_woe_per90,0.00636595464383175
2016,FWD,aerial_poss_woe_per90,0.00844337202199145
2016,OTHER,aerial_poss_woe_per90,-0.00786151809101638
2015,GK,aerial_poss_woe_per90,0.0548584638611059
2015,DEF,aerial_poss_woe_per90,-0.0447978576187792
2015,MID,aerial_poss_woe_per90,0.0137031704410012
2015,FWD,aerial_poss_woe_per90,0.0212552240473796
2015,OTHER,aerial_poss_woe_per90,0.00154473736112024
2014,GK,aerial_poss_woe_per90,0.0529755639097744
2014,DEF,aerial_poss_woe_per90,-0.148711668928087
2014,MID,aerial_poss_woe_per90,-0.0136594584771943
2014,FWD,aerial_poss_woe_per90,0.0300936406067678
2014,OTHER,aerial_poss_woe_per90,0.00432814960629921
2027,GK,takeon_woe_per90,0
2027,DEF,takeon_woe_per90,0
2027,MID,takeon_woe_per90,0
2027,FWD,takeon_woe_per90,0
2027,OTHER,takeon_woe_per90,0
2026,GK,takeon_woe_per90,0.00419217525093413
2026,DEF,takeon_woe_per90,0.000599758350547609
2026,MID,takeon_woe_per90,-0.0896860859944298
2026,FWD,takeon_woe_per90,-0.16377582529526
2026,OTHER,takeon_woe_per90,-0.146454717713399
2025,GK,takeon_woe_per90,0.00438269716717649
2025,DEF,takeon_woe_per90,0.00826013418079096
2025,MID,takeon_woe_per90,-0.0754406259479328
2025,FWD,takeon_woe_per90,-0.156645629131525
2025,OTHER,takeon_woe_per90,-0.107335509112322
2024,GK,takeon_woe_per90,0.0042204286671132
2024,DEF,takeon_woe_per90,0.0257402190923318
2024,MID,takeon_woe_per90,-0.0414339551024835
2024,FWD,takeon_woe_per90,-0.118950178240411
2024,OTHER,takeon_woe_per90,-0.0653162187402719
2023,GK,takeon_woe_per90,0.00388100429003446
2023,DEF,takeon_woe_per90,0.0336811759642196
2023,MID,takeon_woe_per90,-0.0109490635588487
2023,FWD,takeon_woe_per90,-0.097074541003672
2023,OTHER,takeon_woe_per90,-0.0478283917935142
2022,GK,takeon_woe_per90,0.00309452701764134
2022,DEF,takeon_woe_per90,0.045306034962699
2022,MID,takeon_woe_per90,0.0250247010211697
2022,FWD,takeon_woe_per90,-0.0629454900405698
2022,OTHER,takeon_woe_per90,-0.0162285933610924
2021,GK,takeon_woe_per90,0.00486644228014896
2021,DEF,takeon_woe_per90,0.0727661190299006
2021,MID,takeon_woe_per90,0.0903808542419029
2021,FWD,takeon_woe_per90,0.0224811203912477
2021,OTHER,takeon_woe_per90,0.0789479929610958
2020,GK,takeon_woe_per90,0.00444273024777934
2020,DEF,takeon_woe_per90,0.0927227613990112
2020,MID,takeon_woe_per90,0.13704990124676
2020,FWD,takeon_woe_per90,0.0722544542289576
2020,OTHER,takeon_woe_per90,0.177402765685019
2019,GK,takeon_woe_per90,0.00347438550028966
2019,DEF,takeon_woe_per90,0.0781994189799871
2019,MID,takeon_woe_per90,0.0844769681065805
2019,FWD,takeon_woe_per90,0.0188156869460975
2019,OTHER,takeon_woe_per90,0.0902594882563385
2018,GK,takeon_woe_per90,0.0050748502994012
2018,DEF,takeon_woe_per90,0.0917613017165256
2018,MID,takeon_woe_per90,0.10140162337048
2018,FWD,takeon_woe_per90,0.0127854311945016
2018,OTHER,takeon_woe_per90,0.0941927524138753
2017,GK,takeon_woe_per90,0.00518056926620599
2017,DEF,takeon_woe_per90,0.0699038258964311
2017,MID,takeon_woe_per90,0.024984497922103
2017,FWD,takeon_woe_per90,-0.0402626506024096
2017,OTHER,takeon_woe_per90,-0.00625764812694905
2016,GK,takeon_woe_per90,0.00507401910768945
2016,DEF,takeon_woe_per90,0.0597285155744284
2016,MID,takeon_woe_per90,-0.00494636303754588
2016,FWD,takeon_woe_per90,-0.0987808796579108
2016,OTHER,takeon_woe_per90,-0.0721242623988947
2015,GK,takeon_woe_per90,0.0034076240800151
2015,DEF,takeon_woe_per90,0.0395205781354108
2015,MID,takeon_woe_per90,-0.0633212872467223
2015,FWD,takeon_woe_per90,-0.189524192647223
2015,OTHER,takeon_woe_per90,-0.123287883768326
2014,GK,takeon_woe_per90,0.0043640350877193
2014,DEF,takeon_woe_per90,0.0262890094979647
2014,MID,takeon_woe_per90,-0.0641744502998365
2014,FWD,takeon_woe_per90,-0.20390723453909
2014,OTHER,takeon_woe_per90,-0.108869094488189
2027,GK,tackle_poss_woe_per90,0
2027,DEF,tackle_poss_woe_per90,0
2027,MID,tackle_poss_woe_per90,0
2027,FWD,tackle_poss_woe_per90,0
2027,OTHER,tackle_poss_woe_per90,0
2026,GK,tackle_poss_woe_per90,-0.00144142428016705
2026,DEF,tackle_poss_woe_per90,-0.0780586974315002
2026,MID,tackle_poss_woe_per90,-0.0970271450917554
2026,FWD,tackle_poss_woe_per90,-0.049602075573807
2026,OTHER,tackle_poss_woe_per90,-0.0979701390315732
2025,GK,tackle_poss_woe_per90,-0.000850911025402314
2025,DEF,tackle_poss_woe_per90,-0.0690036193502825
2025,MID,tackle_poss_woe_per90,-0.10109556947344
2025,FWD,tackle_poss_woe_per90,-0.0462296558012309
2025,OTHER,tackle_poss_woe_per90,-0.106114956983452
2024,GK,tackle_poss_woe_per90,-0.00161252511721366
2024,DEF,tackle_poss_woe_per90,-0.0824081661687295
2024,MID,tackle_poss_woe_per90,-0.093365488197231
2024,FWD,tackle_poss_woe_per90,-0.0481483815770712
2024,OTHER,tackle_poss_woe_per90,-0.10949413717962
2023,GK,tackle_poss_woe_per90,-0.00286721991701245
2023,DEF,tackle_poss_woe_per90,-0.100530119580066
2023,MID,tackle_poss_woe_per90,-0.126929180474364
2023,FWD,tackle_poss_woe_per90,-0.0632935128518972
2023,OTHER,tackle_poss_woe_per90,-0.130714648135892
2022,GK,tackle_poss_woe_per90,-0.00300479233226837
2022,DEF,tackle_poss_woe_per90,-0.11749248413317
2022,MID,tackle_poss_woe_per90,-0.160315870906675
2022,FWD,tackle_poss_woe_per90,-0.0866886801085929
2022,OTHER,tackle_poss_woe_per90,-0.147793924027077
2021,GK,tackle_poss_woe_per90,-0.00203752506445145
2021,DEF,tackle_poss_woe_per90,-0.101244509321274
2021,MID,tackle_poss_woe_per90,-0.135933294257785
2021,FWD,tackle_poss_woe_per90,-0.0825602908952333
2021,OTHER,tackle_poss_woe_per90,-0.132401812042233
2020,GK,tackle_poss_woe_per90,0.000754675081813932
2020,DEF,tackle_poss_woe_per90,-0.0845670512116218
2020,MID,tackle_poss_woe_per90,-0.118518145907913
2020,FWD,tackle_poss_woe_per90,-0.0597009010853983
2020,OTHER,tackle_poss_woe_per90,-0.111391088348271
2019,GK,tackle_poss_woe_per90,-0.0029998344781925
2019,DEF,tackle_poss_woe_per90,-0.0585831289003658
2019,MID,tackle_poss_woe_per90,-0.0730811667339524
2019,FWD,tackle_poss_woe_per90,-0.0414163634028343
2019,OTHER,tackle_poss_woe_per90,-0.0806735495411417
2018,GK,tackle_poss_woe_per90,0.000810462408516301
2018,DEF,tackle_poss_woe_per90,0.0226803859490427
2018,MID,tackle_poss_woe_per90,0.0261969992242635
2018,FWD,tackle_poss_woe_per90,0.0131464405759294
2018,OTHER,tackle_poss_woe_per90,0.0322053482735328
2017,GK,tackle_poss_woe_per90,0.000884912800263245
2017,DEF,tackle_poss_woe_per90,0.0787676442084861
2017,MID,tackle_poss_woe_per90,0.0938835797815792
2017,FWD,tackle_poss_woe_per90,0.0513922513583747
2017,OTHER,tackle_poss_woe_per90,0.109841984762957
2016,GK,tackle_poss_woe_per90,0.00183470921064836
2016,DEF,tackle_poss_woe_per90,0.119694130136454
2016,MID,tackle_poss_woe_per90,0.138978545215018
2016,FWD,tackle_poss_woe_per90,0.0722218692730605
2016,OTHER,tackle_poss_woe_per90,0.130979937249935
2015,GK,tackle_poss_woe_per90,0.00252594829213059
2015,DEF,tackle_poss_woe_per90,0.175609861103993
2015,MID,tackle_poss_woe_per90,0.212676805721097
2015,FWD,tackle_poss_woe_per90,0.109071181137557
2015,OTHER,tackle_poss_woe_per90,0.195356058115837
2014,GK,tackle_poss_woe_per90,0.00316353383458647
2014,DEF,tackle_poss_woe_per90,0.182363466757123
2014,MID,tackle_poss_woe_per90,0.205694166818099
2014,FWD,tackle_poss_woe_per90,0.115619603267211
2014,OTHER,tackle_poss_woe_per90,0.153801181102362
2027,GK,containment_woe_per90,0
2027,DEF,containment_woe_per90,0
2027,MID,containment_woe_per90,0
2027,FWD,containment_woe_per90,0
2027,OTHER,containment_woe_per90,0
2026,GK,containment_woe_per90,-0.00184628910542897
2026,DEF,containment_woe_per90,0.130997018357563
2026,MID,containment_woe_per90,0.0491979703178055
2026,FWD,containment_woe_per90,-0.0403516696908923
2026,OTHER,containment_woe_per90,0.0389926717348127
2025,GK,containment_woe_per90,-0.00392405905040564
2025,DEF,containment_woe_per90,0.127195074152542
2025,MID,containment_woe_per90,0.0301003515158004
2025,FWD,containment_woe_per90,-0.0593451105539093
2025,OTHER,containment_woe_per90,0.0183008563387029
2024,GK,containment_woe_per90,-0.00360542531815137
2024,DEF,containment_woe_per90,0.101935837245696
2024,MID,containment_woe_per90,-0.0194298702237646
2024,FWD,containment_woe_per90,-0.0870792813346642
2024,OTHER,containment_woe_per90,-0.0443375739337968
2023,GK,containment_woe_per90,-0.00138757999859343
2023,DEF,containment_woe_per90,0.083295282295039
2023,MID,containment_woe_per90,-0.0850621997989351
2023,FWD,containment_woe_per90,-0.134116768665851
2023,OTHER,containment_woe_per90,-0.0819424222369292
2022,GK,containment_woe_per90,0.000520280594527018
2022,DEF,containment_woe_per90,0.130783561592993
2022,MID,containment_woe_per90,-0.0411047017492765
2022,FWD,containment_woe_per90,-0.11206832809688
2022,OTHER,containment_woe_per90,-0.0556169950452441
2021,GK,containment_woe_per90,0.00202169865368089
2021,DEF,containment_woe_per90,0.0775474268704562
2021,MID,containment_woe_per90,-0.111943844655789
2021,FWD,containment_woe_per90,-0.14480485248817
2021,OTHER,containment_woe_per90,-0.119152905925996
2020,GK,containment_woe_per90,3.99719495091167e-05
2020,DEF,containment_woe_per90,0.0629147286821705
2020,MID,containment_woe_per90,-0.174776663374892
2020,FWD,containment_woe_per90,-0.182808672946959
2020,OTHER,containment_woe_per90,-0.1949423815621
2019,GK,containment_woe_per90,0.00071381279483572
2019,DEF,containment_woe_per90,0.0780629438347321
2019,MID,containment_woe_per90,-0.133935486475575
2019,FWD,containment_woe_per90,-0.145698805497281
2019,OTHER,containment_woe_per90,-0.156995916938871
2018,GK,containment_woe_per90,0.00361626746506986
2018,DEF,containment_woe_per90,0.0718070254786673
2018,MID,containment_woe_per90,-0.174183527898133
2018,FWD,containment_woe_per90,-0.161411277780565
2018,OTHER,containment_woe_per90,-0.191017403742997
2017,GK,containment_woe_per90,0.00173897663705166
2017,DEF,containment_woe_per90,0.102900707875111
2017,MID,containment_woe_per90,-0.112069604716343
2017,FWD,containment_woe_per90,-0.130399574769667
2017,OTHER,containment_woe_per90,-0.1266487980105
2016,GK,containment_woe_per90,0.00712030423893887
2016,DEF,containment_woe_per90,0.129581031045286
2016,MID,containment_woe_per90,-0.0872388021078385
2016,FWD,containment_woe_per90,-0.123203237629811
2016,OTHER,containment_woe_per90,-0.0574911775711695
2015,GK,containment_woe_per90,0.0135906774863182
2015,DEF,containment_woe_per90,0.156071754394957
2015,MID,containment_woe_per90,-0.0334410011918951
2015,FWD,containment_woe_per90,-0.0965649793272991
2015,OTHER,containment_woe_per90,-0.0226021300374729
2014,GK,containment_woe_per90,0.010733709273183
2014,DEF,containment_woe_per90,0.137324118046133
2014,MID,containment_woe_per90,0.0078589860076322
2014,FWD,containment_woe_per90,-0.0709224037339557
2014,OTHER,containment_woe_per90,-0.0169824803149606
2027,GK,saves_p90,2.64723384688355
2027,DEF,saves_p90,0
2027,MID,saves_p90,0
2027,FWD,saves_p90,0
2027,OTHER,saves_p90,0.00375898765469318
2026,GK,saves_p90,2.96035091339336
2026,DEF,saves_p90,1.94878590638032e-05
2026,MID,saves_p90,0
2026,FWD,saves_p90,0
2026,OTHER,saves_p90,0.00189065780282707
2025,GK,saves_p90,2.92831096389227
2025,DEF,saves_p90,3.53107344632768e-05
2025,MID,saves_p90,0
2025,FWD,saves_p90,3.05285095574587e-05
2025,OTHER,saves_p90,0.00233705132804832
2024,GK,saves_p90,3.02502837358104
2024,DEF,saves_p90,5.33504054630815e-05
2024,MID,saves_p90,1.80746845967538e-05
2024,FWD,saves_p90,5.703693141309e-05
2024,OTHER,saves_p90,0.00200318947524703
2023,GK,saves_p90,2.94175637461243
2023,DEF,saves_p90,5.61408761719408e-05
2023,MID,saves_p90,0
2023,FWD,saves_p90,0
2023,OTHER,saves_p90,0.00201207290883002
2022,GK,saves_p90,2.90249360030122
2022,DEF,saves_p90,1.855769587648e-05
2022,MID,saves_p90,1.82026685112037e-05
2022,FWD,saves_p90,0
2022,OTHER,saves_p90,0.00247915330063547
2021,GK,saves_p90,2.83865217031285
2021,DEF,saves_p90,1.90814204209361e-05
2021,MID,saves_p90,3.78150466070449e-05
2021,FWD,saves_p90,0
2021,OTHER,saves_p90,0.00223689935026239
2020,GK,saves_p90,2.91854716017972
2020,DEF,saves_p90,0
2020,MID,saves_p90,0
2020,FWD,saves_p90,5.11980339954946e-05
2020,OTHER,saves_p90,0.00312205494585003
2019,GK,saves_p90,3.01284392283119
2019,DEF,saves_p90,0
2019,MID,saves_p90,0
2019,FWD,saves_p90,0
2019,OTHER,saves_p90,0.00250123185260843
2018,GK,saves_p90,2.98592330837144
2018,DEF,saves_p90,6.46120049105124e-05
2018,MID,saves_p90,1.89204018693357e-05
2018,FWD,saves_p90,5.01680630110872e-05
2018,OTHER,saves_p90,0.000961805557034964
2017,GK,saves_p90,2.9732077105953
2017,DEF,saves_p90,0
2017,MID,saves_p90,1.93292741857543e-05
2017,FWD,saves_p90,0.000188991259154264
2017,OTHER,saves_p90,0.0021604921348193
2016,GK,saves_p90,2.96915811822374
2016,DEF,saves_p90,0.000103570596307708
2016,MID,saves_p90,0
2016,FWD,saves_p90,0.000183262064752596
2016,OTHER,saves_p90,0.0200801018983322
2015,GK,saves_p90,3.03869000458582
2015,DEF,saves_p90,0.000102506278509559
2015,MID,saves_p90,4.76758045292014e-05
2015,FWD,saves_p90,0
2015,OTHER,saves_p90,0.0183528572450278
2014,GK,saves_p90,3.1288713113461
2014,DEF,saves_p90,0
2014,MID,saves_p90,0.000181719062329638
2014,FWD,saves_p90,0
2014,OTHER,saves_p90,0.0447899507939995
2027,GK,saves_ibox_p90,1.67800368988736
2027,DEF,saves_ibox_p90,0
2027,MID,saves_ibox_p90,0
2027,FWD,saves_ibox_p90,0
2027,OTHER,saves_ibox_p90,0.00271325424699658
2026,GK,saves_ibox_p90,1.89635884878149
2026,DEF,saves_ibox_p90,0
2026,MID,saves_ibox_p90,0
2026,FWD,saves_ibox_p90,0
2026,OTHER,saves_ibox_p90,0.000819364480774194
2025,GK,saves_ibox_p90,1.86694797858166
2025,DEF,saves_ibox_p90,0
2025,MID,saves_ibox_p90,0
2025,FWD,saves_ibox_p90,0
2025,OTHER,saves_ibox_p90,0.0016516793098887
2024,GK,saves_ibox_p90,1.89976270825671
2024,DEF,saves_ibox_p90,0
2024,MID,saves_ibox_p90,0
2024,FWD,saves_ibox_p90,0
2024,OTHER,saves_ibox_p90,0.00139893826825993
2023,GK,saves_ibox_p90,1.83022706372643
2023,DEF,saves_ibox_p90,0
2023,MID,saves_ibox_p90,0
2023,FWD,saves_ibox_p90,0
2023,OTHER,saves_ibox_p90,0.00113978969041841
2022,GK,saves_ibox_p90,1.79527889075275
2022,DEF,saves_ibox_p90,0
2022,MID,saves_ibox_p90,0
2022,FWD,saves_ibox_p90,0
2022,OTHER,saves_ibox_p90,0.00184218349863886
2021,GK,saves_ibox_p90,1.73700456855272
2021,DEF,saves_ibox_p90,0
2021,MID,saves_ibox_p90,0
2021,FWD,saves_ibox_p90,0
2021,OTHER,saves_ibox_p90,0.00137301443211133
2020,GK,saves_ibox_p90,1.7725220063518
2020,DEF,saves_ibox_p90,0
2020,MID,saves_ibox_p90,0
2020,FWD,saves_ibox_p90,0
2020,OTHER,saves_ibox_p90,0.00209888261609123
2019,GK,saves_ibox_p90,1.80304693505368
2019,DEF,saves_ibox_p90,0
2019,MID,saves_ibox_p90,0
2019,FWD,saves_ibox_p90,0
2019,OTHER,saves_ibox_p90,0.00167265461245863
2018,GK,saves_ibox_p90,1.75763803775883
2018,DEF,saves_ibox_p90,0
2018,MID,saves_ibox_p90,0
2018,FWD,saves_ibox_p90,0
2018,OTHER,saves_ibox_p90,0.000195507427574578
2017,GK,saves_ibox_p90,1.73555604392701
2017,DEF,saves_ibox_p90,0
2017,MID,saves_ibox_p90,0
2017,FWD,saves_ibox_p90,0
2017,OTHER,saves_ibox_p90,0.00172758647643408
2016,GK,saves_ibox_p90,1.73467427419524
2016,DEF,saves_ibox_p90,0
2016,MID,saves_ibox_p90,0
2016,FWD,saves_ibox_p90,0
2016,OTHER,saves_ibox_p90,0.0121240552117984
2015,GK,saves_ibox_p90,1.75079997100204
2015,DEF,saves_ibox_p90,0
2015,MID,saves_ibox_p90,0
2015,FWD,saves_ibox_p90,0
2015,OTHER,saves_ibox_p90,0.0103067499852721
2014,GK,saves_ibox_p90,1.68240369305922
2014,DEF,saves_ibox_p90,0
2014,MID,saves_ibox_p90,0
2014,FWD,saves_ibox_p90,0
2014,OTHER,saves_ibox_p90,0.0226246604120084
2027,GK,saves_obox_p90,0.931392319158347
2027,DEF,saves_obox_p90,0
2027,MID,saves_obox_p90,0
2027,FWD,saves_obox_p90,0
2027,OTHER,saves_obox_p90,0.0010457334076966
2026,GK,saves_obox_p90,1.01993663027113
2026,DEF,saves_obox_p90,0
2026,MID,saves_obox_p90,0
2026,FWD,saves_obox_p90,0
2026,OTHER,saves_obox_p90,0.00100280486235834
2025,GK,saves_obox_p90,1.02007283510104
2025,DEF,saves_obox_p90,0
2025,MID,saves_obox_p90,0
2025,FWD,saves_obox_p90,0
2025,OTHER,saves_obox_p90,0.000808882408003325
2024,GK,saves_obox_p90,1.08836606578573
2024,DEF,saves_obox_p90,0
2024,MID,saves_obox_p90,0
2024,FWD,saves_obox_p90,0
2024,OTHER,saves_obox_p90,0.000434451099447039
2023,GK,saves_obox_p90,1.08277891897563
2023,DEF,saves_obox_p90,0
2023,MID,saves_obox_p90,0
2023,FWD,saves_obox_p90,0
2023,OTHER,saves_obox_p90,0.000566830894428512
2022,GK,saves_obox_p90,1.08071719350769
2022,DEF,saves_obox_p90,0
2022,MID,saves_obox_p90,0
2022,FWD,saves_obox_p90,0
2022,OTHER,saves_obox_p90,0.000636969801996616
2021,GK,saves_obox_p90,1.07478894035752
2021,DEF,saves_obox_p90,0
2021,MID,saves_obox_p90,0
2021,FWD,saves_obox_p90,0
2021,OTHER,saves_obox_p90,0.000788886198617008
2020,GK,saves_obox_p90,1.11525652717075
2020,DEF,saves_obox_p90,0
2020,MID,saves_obox_p90,0
2020,FWD,saves_obox_p90,0
2020,OTHER,saves_obox_p90,0.000910746109465861
2019,GK,saves_obox_p90,1.17417392562849
2019,DEF,saves_obox_p90,0
2019,MID,saves_obox_p90,0
2019,FWD,saves_obox_p90,0
2019,OTHER,saves_obox_p90,0.000556373164865932
2018,GK,saves_obox_p90,1.18851626019856
2018,DEF,saves_obox_p90,0
2018,MID,saves_obox_p90,0
2018,FWD,saves_obox_p90,0
2018,OTHER,saves_obox_p90,0.000674602960878819
2017,GK,saves_obox_p90,1.21325025596713
2017,DEF,saves_obox_p90,0
2017,MID,saves_obox_p90,0
2017,FWD,saves_obox_p90,0
2017,OTHER,saves_obox_p90,0.000296264184357724
2016,GK,saves_obox_p90,1.20446786306325
2016,DEF,saves_obox_p90,0
2016,MID,saves_obox_p90,0
2016,FWD,saves_obox_p90,0
2016,OTHER,saves_obox_p90,0.00745732509082495
2015,GK,saves_obox_p90,1.26809923142456
2015,DEF,saves_obox_p90,0
2015,MID,saves_obox_p90,0
2015,FWD,saves_obox_p90,0
2015,OTHER,saves_obox_p90,0.00774369453212435
2014,GK,saves_obox_p90,1.4232846608934
2014,DEF,saves_obox_p90,0
2014,MID,saves_obox_p90,0
2014,FWD,saves_obox_p90,0
2014,OTHER,saves_obox_p90,0.0217715895945895
2027,GK,keeper_sweeper_p90,0.562564237683207
2027,DEF,keeper_sweeper_p90,0
2027,MID,keeper_sweeper_p90,0
2027,FWD,keeper_sweeper_p90,0
2027,OTHER,keeper_sweeper_p90,0.000310893715801691
2026,GK,keeper_sweeper_p90,0.544896023096782
2026,DEF,keeper_sweeper_p90,0
2026,MID,keeper_sweeper_p90,0
2026,FWD,keeper_sweeper_p90,0
2026,OTHER,keeper_sweeper_p90,0.000224294924317353
2025,GK,keeper_sweeper_p90,0.465848860517759
2025,DEF,keeper_sweeper_p90,0
2025,MID,keeper_sweeper_p90,0
2025,FWD,keeper_sweeper_p90,0
2025,OTHER,keeper_sweeper_p90,0.000386732256904124
2024,GK,keeper_sweeper_p90,0.40707000797765
2024,DEF,keeper_sweeper_p90,1.77834684876938e-05
2024,MID,keeper_sweeper_p90,0
2024,FWD,keeper_sweeper_p90,0
2024,OTHER,keeper_sweeper_p90,0.000220504306319394
2023,GK,keeper_sweeper_p90,0.365287558947199
2023,DEF,keeper_sweeper_p90,0
2023,MID,keeper_sweeper_p90,0
2023,FWD,keeper_sweeper_p90,0
2023,OTHER,keeper_sweeper_p90,9.37568938892566e-05
2022,GK,keeper_sweeper_p90,0.346376487710178
2022,DEF,keeper_sweeper_p90,0
2022,MID,keeper_sweeper_p90,0
2022,FWD,keeper_sweeper_p90,0
2022,OTHER,keeper_sweeper_p90,0.000223418307397817
2021,GK,keeper_sweeper_p90,0.278004464774124
2021,DEF,keeper_sweeper_p90,0
2021,MID,keeper_sweeper_p90,0
2021,FWD,keeper_sweeper_p90,0
2021,OTHER,keeper_sweeper_p90,0.00016646057262437
2020,GK,keeper_sweeper_p90,0.265049210651062
2020,DEF,keeper_sweeper_p90,0
2020,MID,keeper_sweeper_p90,0
2020,FWD,keeper_sweeper_p90,0
2020,OTHER,keeper_sweeper_p90,0.000511454070419805
2019,GK,keeper_sweeper_p90,0.263598398868617
2019,DEF,keeper_sweeper_p90,0
2019,MID,keeper_sweeper_p90,0
2019,FWD,keeper_sweeper_p90,0
2019,OTHER,keeper_sweeper_p90,0.000194431482345621
2018,GK,keeper_sweeper_p90,0.357419917161869
2018,DEF,keeper_sweeper_p90,0
2018,MID,keeper_sweeper_p90,0
2018,FWD,keeper_sweeper_p90,5.01680630110872e-05
2018,OTHER,keeper_sweeper_p90,3.97345730520126e-05
2017,GK,keeper_sweeper_p90,0.581703749438743
2017,DEF,keeper_sweeper_p90,0
2017,MID,keeper_sweeper_p90,0
2017,FWD,keeper_sweeper_p90,0
2017,OTHER,keeper_sweeper_p90,0.000735486134639543
2016,GK,keeper_sweeper_p90,0.704329043150573
2016,DEF,keeper_sweeper_p90,0
2016,MID,keeper_sweeper_p90,0
2016,FWD,keeper_sweeper_p90,0
2016,OTHER,keeper_sweeper_p90,0.00557697007496248
2015,GK,keeper_sweeper_p90,0.823757296245598
2015,DEF,keeper_sweeper_p90,0
2015,MID,keeper_sweeper_p90,0
2015,FWD,keeper_sweeper_p90,0
2015,OTHER,keeper_sweeper_p90,0.00599031170656968
2014,GK,keeper_sweeper_p90,0.854587594974041
2014,DEF,keeper_sweeper_p90,0
2014,MID,keeper_sweeper_p90,0
2014,FWD,keeper_sweeper_p90,0
2014,OTHER,keeper_sweeper_p90,0.00986083134956968
2027,GK,gk_smother_p90,0.094012474012474
2027,DEF,gk_smother_p90,0
2027,MID,gk_smother_p90,0
2027,FWD,gk_smother_p90,0
2027,OTHER,gk_smother_p90,0
2026,GK,gk_smother_p90,0.111637700430226
2026,DEF,gk_smother_p90,0
2026,MID,gk_smother_p90,1.90759604746099e-05
2026,FWD,gk_smother_p90,0
2026,OTHER,gk_smother_p90,5.63649232703919e-05
2025,GK,gk_smother_p90,0.105761034137999
2025,DEF,gk_smother_p90,0
2025,MID,gk_smother_p90,0
2025,FWD,gk_smother_p90,0
2025,OTHER,gk_smother_p90,0.000126421409132949
2024,GK,gk_smother_p90,0.1106133158224
2024,DEF,gk_smother_p90,0
2024,MID,gk_smother_p90,0
2024,FWD,gk_smother_p90,0
2024,OTHER,gk_smother_p90,0.000103766732385597
2023,GK,gk_smother_p90,0.114458088666566
2023,DEF,gk_smother_p90,0
2023,MID,gk_smother_p90,0
2023,FWD,gk_smother_p90,0
2023,OTHER,gk_smother_p90,0
2022,GK,gk_smother_p90,0.0849200153215669
2022,DEF,gk_smother_p90,0
2022,MID,gk_smother_p90,0
2022,FWD,gk_smother_p90,0
2022,OTHER,gk_smother_p90,4.65235292749308e-05
2021,GK,gk_smother_p90,0.0673435617844752
2021,DEF,gk_smother_p90,0
2021,MID,gk_smother_p90,0
2021,FWD,gk_smother_p90,0
2021,OTHER,gk_smother_p90,4.75601636069628e-05
2020,GK,gk_smother_p90,0.10103394699596
2020,DEF,gk_smother_p90,0
2020,MID,gk_smother_p90,0
2020,FWD,gk_smother_p90,0
2020,OTHER,gk_smother_p90,0.000287369486089238
2019,GK,gk_smother_p90,0.105698120075796
2019,DEF,gk_smother_p90,0
2019,MID,gk_smother_p90,0
2019,FWD,gk_smother_p90,0
2019,OTHER,gk_smother_p90,0
2018,GK,gk_smother_p90,0.141908870166792
2018,DEF,gk_smother_p90,0
2018,MID,gk_smother_p90,0
2018,FWD,gk_smother_p90,0
2018,OTHER,gk_smother_p90,0
2017,GK,gk_smother_p90,0.127999808177266
2017,DEF,gk_smother_p90,0
2017,MID,gk_smother_p90,0
2017,FWD,gk_smother_p90,0
2017,OTHER,gk_smother_p90,8.66506908467024e-05
2016,GK,gk_smother_p90,0.116941077717653
2016,DEF,gk_smother_p90,0
2016,MID,gk_smother_p90,0
2016,FWD,gk_smother_p90,0
2016,OTHER,gk_smother_p90,0.000736275506416656
2015,GK,gk_smother_p90,0.104123134034506
2015,DEF,gk_smother_p90,0
2015,MID,gk_smother_p90,0
2015,FWD,gk_smother_p90,0
2015,OTHER,gk_smother_p90,0.000986128459667346
2014,GK,gk_smother_p90,0.154075091575092
2014,DEF,gk_smother_p90,0
2014,MID,gk_smother_p90,0
2014,FWD,gk_smother_p90,0
2014,OTHER,gk_smother_p90,0.00218366599523897
2027,GK,high_claim_p90,0.652723311546841
2027,DEF,high_claim_p90,0
2027,MID,high_claim_p90,0
2027,FWD,high_claim_p90,0
2027,OTHER,high_claim_p90,0
2026,GK,high_claim_p90,0.766881956256002
2026,DEF,high_claim_p90,0
2026,MID,high_claim_p90,0
2026,FWD,high_claim_p90,0
2026,OTHER,high_claim_p90,0.000431295183242611
2025,GK,high_claim_p90,0.806195684454933
2025,DEF,high_claim_p90,3.53107344632768e-05
2025,MID,high_claim_p90,0
2025,FWD,high_claim_p90,0
2025,OTHER,high_claim_p90,0.00040654296095056
2024,GK,high_claim_p90,0.822212541960931
2024,DEF,high_claim_p90,1.77834684876938e-05
2024,MID,high_claim_p90,0
2024,FWD,high_claim_p90,0
2024,OTHER,high_claim_p90,0.000426441359823118
2023,GK,high_claim_p90,0.827938900182835
2023,DEF,high_claim_p90,0
2023,MID,high_claim_p90,0
2023,FWD,high_claim_p90,3.05997552019584e-05
2023,OTHER,high_claim_p90,0.000424050788048141
2022,GK,high_claim_p90,0.735622643728193
2022,DEF,high_claim_p90,0
2022,MID,high_claim_p90,0
2022,FWD,high_claim_p90,0
2022,OTHER,high_claim_p90,0.00051290397328973
2021,GK,high_claim_p90,0.569455878088708
2021,DEF,high_claim_p90,0
2021,MID,high_claim_p90,1.89075233035225e-05
2021,FWD,high_claim_p90,0
2021,OTHER,high_claim_p90,0.000275848948920384
2020,GK,high_claim_p90,0.558376022572484
2020,DEF,high_claim_p90,0
2020,MID,high_claim_p90,0
2020,FWD,high_claim_p90,0
2020,OTHER,high_claim_p90,0.000465944224102932
2019,GK,high_claim_p90,0.538776778261888
2019,DEF,high_claim_p90,0
2019,MID,high_claim_p90,0
2019,FWD,high_claim_p90,0
2019,OTHER,high_claim_p90,7.77725929382486e-05
2018,GK,high_claim_p90,0.686862619264172
2018,DEF,high_claim_p90,0
2018,MID,high_claim_p90,0
2018,FWD,high_claim_p90,0
2018,OTHER,high_claim_p90,0.000211917722944067
2017,GK,high_claim_p90,0.950185375931115
2017,DEF,high_claim_p90,0
2017,MID,high_claim_p90,0
2017,FWD,high_claim_p90,0
2017,OTHER,high_claim_p90,0.00057553295017284
2016,GK,high_claim_p90,1.12358195107267
2016,DEF,high_claim_p90,2.58926490769271e-05
2016,MID,high_claim_p90,0
2016,FWD,high_claim_p90,6.10873549175321e-05
2016,OTHER,high_claim_p90,0.00695783674524912
2015,GK,high_claim_p90,1.32606393135867
2015,DEF,high_claim_p90,0
2015,MID,high_claim_p90,0.000190703218116806
2015,FWD,high_claim_p90,0
2015,OTHER,high_claim_p90,0.0101106983783209
2014,GK,high_claim_p90,1.47458515655979
2014,DEF,high_claim_p90,0
2014,MID,high_claim_p90,0
2014,FWD,high_claim_p90,0
2014,OTHER,high_claim_p90,0.0213074157292249
2027,GK,good_high_claim_p90,0.568939527763057
2027,DEF,good_high_claim_p90,0
2027,MID,good_high_claim_p90,0
2027,FWD,good_high_claim_p90,0
2027,OTHER,good_high_claim_p90,0
2026,GK,good_high_claim_p90,0.666830753294931
2026,DEF,good_high_claim_p90,0
2026,MID,good_high_claim_p90,0
2026,FWD,good_high_claim_p90,0
2026,OTHER,good_high_claim_p90,0.000431295183242611
2025,GK,good_high_claim_p90,0.711371119544124
2025,DEF,good_high_claim_p90,1.76553672316384e-05
2025,MID,good_high_claim_p90,0
2025,FWD,good_high_claim_p90,0
2025,OTHER,good_high_claim_p90,0.000332556060754332
2024,GK,good_high_claim_p90,0.728148201331067
2024,DEF,good_high_claim_p90,1.77834684876938e-05
2024,MID,good_high_claim_p90,0
2024,FWD,good_high_claim_p90,0
2024,OTHER,good_high_claim_p90,0.000309703785889321
2023,GK,good_high_claim_p90,0.73802329493125
2023,DEF,good_high_claim_p90,0
2023,MID,good_high_claim_p90,0
2023,FWD,good_high_claim_p90,3.05997552019584e-05
2023,OTHER,good_high_claim_p90,0.000333357844939579
2022,GK,good_high_claim_p90,0.648660962142779
2022,DEF,good_high_claim_p90,0
2022,MID,good_high_claim_p90,0
2022,FWD,good_high_claim_p90,0
2022,OTHER,good_high_claim_p90,0.000409900910563259
2021,GK,good_high_claim_p90,0.490101018870658
2021,DEF,good_high_claim_p90,0
2021,MID,good_high_claim_p90,1.89075233035225e-05
2021,FWD,good_high_claim_p90,0
2021,OTHER,good_high_claim_p90,0.000252068867116903
2020,GK,good_high_claim_p90,0.48312575400995
2020,DEF,good_high_claim_p90,0
2020,MID,good_high_claim_p90,0
2020,FWD,good_high_claim_p90,0
2020,OTHER,good_high_claim_p90,0.00030729833546735
2019,GK,good_high_claim_p90,0.467234743723201
2019,DEF,good_high_claim_p90,0
2019,MID,good_high_claim_p90,0
2019,FWD,good_high_claim_p90,0
2019,OTHER,good_high_claim_p90,7.77725929382486e-05
2018,GK,good_high_claim_p90,0.612475790827212
2018,DEF,good_high_claim_p90,0
2018,MID,good_high_claim_p90,0
2018,FWD,good_high_claim_p90,0
2018,OTHER,good_high_claim_p90,0.000211917722944067
2017,GK,good_high_claim_p90,0.874395361243477
2017,DEF,good_high_claim_p90,0
2017,MID,good_high_claim_p90,0
2017,FWD,good_high_claim_p90,0
2017,OTHER,good_high_claim_p90,0.00057553295017284
2016,GK,good_high_claim_p90,1.03291888695156
2016,DEF,good_high_claim_p90,2.58926490769271e-05
2016,MID,good_high_claim_p90,0
2016,FWD,good_high_claim_p90,6.10873549175321e-05
2016,OTHER,good_high_claim_p90,0.00596710250779954
2015,GK,good_high_claim_p90,1.25241915435767
2015,DEF,good_high_claim_p90,0
2015,MID,good_high_claim_p90,0.000190703218116806
2015,FWD,good_high_claim_p90,0
2015,OTHER,good_high_claim_p90,0.00914249952701113
2014,GK,good_high_claim_p90,1.37840721169764
2014,DEF,good_high_claim_p90,0
2014,MID,good_high_claim_p90,0
2014,FWD,good_high_claim_p90,0
2014,OTHER,good_high_claim_p90,0.0199294629733194
2027,GK,punches_p90,0.369976152623211
2027,DEF,punches_p90,0
2027,MID,punches_p90,0
2027,FWD,punches_p90,0
2027,OTHER,punches_p90,0
2026,GK,punches_p90,0.450909586154725
2026,DEF,punches_p90,3.89757181276065e-05
2026,MID,punches_p90,1.90759604746099e-05
2026,FWD,punches_p90,3.18339540954382e-05
2026,OTHER,punches_p90,0.0001608286630602
2025,GK,punches_p90,0.411579269496018
2025,DEF,punches_p90,4.71547739227459e-05
2025,MID,punches_p90,0
2025,FWD,punches_p90,2.84932755869615e-05
2025,OTHER,punches_p90,0.000640458390487849
2024,GK,punches_p90,0.388463796830007
2024,DEF,punches_p90,3.55669369753877e-05
2024,MID,punches_p90,1.80746845967538e-05
2024,FWD,punches_p90,0
2024,OTHER,punches_p90,0.000191227263967743
2023,GK,punches_p90,0.390764018587516
2023,DEF,punches_p90,0
2023,MID,punches_p90,0
2023,FWD,punches_p90,0
2023,OTHER,punches_p90,0.000193028899183764
2022,GK,punches_p90,0.392732093085131
2022,DEF,punches_p90,0
2022,MID,punches_p90,0
2022,FWD,punches_p90,0
2022,OTHER,punches_p90,0.000261604255023171
2021,GK,punches_p90,0.387333173734257
2021,DEF,punches_p90,1.90814204209361e-05
2021,MID,punches_p90,0
2021,FWD,punches_p90,0
2021,OTHER,punches_p90,0.000237800818034814
2020,GK,punches_p90,0.379838869496785
2020,DEF,punches_p90,0
2020,MID,punches_p90,0
2020,FWD,punches_p90,0
2020,OTHER,punches_p90,0.00028169014084507
2019,GK,punches_p90,0.393923364094612
2019,DEF,punches_p90,0
2019,MID,punches_p90,0
2019,FWD,punches_p90,0
2019,OTHER,punches_p90,0.000185457721621977
2018,GK,punches_p90,0.413848091599322
2018,DEF,punches_p90,0
2018,MID,punches_p90,0
2018,FWD,punches_p90,0
2018,OTHER,punches_p90,0.000391315551411961
2017,GK,punches_p90,0.447615956269197
2017,DEF,punches_p90,0
2017,MID,punches_p90,0
2017,FWD,punches_p90,0
2017,OTHER,punches_p90,0.000344180609585705
2016,GK,punches_p90,0.486781481734882
2016,DEF,punches_p90,2.58926490769271e-05
2016,MID,punches_p90,0
2016,FWD,punches_p90,0
2016,OTHER,punches_p90,0.00367721610149281
2015,GK,punches_p90,0.555734585708591
2015,DEF,punches_p90,0
2015,MID,punches_p90,0
2015,FWD,punches_p90,0
2015,OTHER,punches_p90,0.00361207570719148
2014,GK,punches_p90,0.759568591631173
2014,DEF,punches_p90,0.000169606512890095
2014,MID,punches_p90,0.000207021716578069
2014,FWD,punches_p90,0
2014,OTHER,punches_p90,0.0077755905511811
2027,GK,keeper_throws_p90,3.62169033881195
2027,DEF,keeper_throws_p90,0
2027,MID,keeper_throws_p90,0
2027,FWD,keeper_throws_p90,0
2027,OTHER,keeper_throws_p90,0.00716939750682082
2026,GK,keeper_throws_p90,3.99091209721193
2026,DEF,keeper_throws_p90,0
2026,MID,keeper_throws_p90,0
2026,FWD,keeper_throws_p90,0
2026,OTHER,keeper_throws_p90,0.00181362242966249
2025,GK,keeper_throws_p90,4.00903423562971
2025,DEF,keeper_throws_p90,0
2025,MID,keeper_throws_p90,0
2025,FWD,keeper_throws_p90,0
2025,OTHER,keeper_throws_p90,0.00324311524009967
2024,GK,keeper_throws_p90,4.25287068981673
2024,DEF,keeper_throws_p90,5.33504054630815e-05
2024,MID,keeper_throws_p90,0
2024,FWD,keeper_throws_p90,0
2024,OTHER,keeper_throws_p90,0.00284472988099208
2023,GK,keeper_throws_p90,4.37105356289647
2023,DEF,keeper_throws_p90,5.61408761719408e-05
2023,MID,keeper_throws_p90,0
2023,FWD,keeper_throws_p90,0
2023,OTHER,keeper_throws_p90,0.00178642471825794
2022,GK,keeper_throws_p90,4.35062005390269
2022,DEF,keeper_throws_p90,0
2022,MID,keeper_throws_p90,0
2022,FWD,keeper_throws_p90,0
2022,OTHER,keeper_throws_p90,0.00308846991838289
2021,GK,keeper_throws_p90,4.34234140426982
2021,DEF,keeper_throws_p90,1.90814204209361e-05
2021,MID,keeper_throws_p90,0
2021,FWD,keeper_throws_p90,0
2021,OTHER,keeper_throws_p90,0.00231210209221305
2020,GK,keeper_throws_p90,4.34400818597901
2020,DEF,keeper_throws_p90,0
2020,MID,keeper_throws_p90,3.08603876064683e-05
2020,FWD,keeper_throws_p90,0
2020,OTHER,keeper_throws_p90,0.00426344453171577
2019,GK,keeper_throws_p90,3.99376390719651
2019,DEF,keeper_throws_p90,0
2019,MID,keeper_throws_p90,0
2019,FWD,keeper_throws_p90,0
2019,OTHER,keeper_throws_p90,0.0012979321192107
2018,GK,keeper_throws_p90,4.04164826057466
2018,DEF,keeper_throws_p90,2.15373349701708e-05
2018,MID,keeper_throws_p90,0
2018,FWD,keeper_throws_p90,0
2018,OTHER,keeper_throws_p90,0.00211986534809644
2017,GK,keeper_throws_p90,4.02931662724901
2017,DEF,keeper_throws_p90,0
2017,MID,keeper_throws_p90,0
2017,FWD,keeper_throws_p90,4.7247814788566e-05
2017,OTHER,keeper_throws_p90,0.0024086692871971
2016,GK,keeper_throws_p90,4.06200365115419
2016,DEF,keeper_throws_p90,5.17852981538541e-05
2016,MID,keeper_throws_p90,0
2016,FWD,keeper_throws_p90,0
2016,OTHER,keeper_throws_p90,0.024917778711013
2015,GK,keeper_throws_p90,4.27509354740621
2015,DEF,keeper_throws_p90,0
2015,MID,keeper_throws_p90,0
2015,FWD,keeper_throws_p90,0
2015,OTHER,keeper_throws_p90,0.0272932872137395
2014,GK,keeper_throws_p90,4.76539508367198
2014,DEF,keeper_throws_p90,0
2014,MID,keeper_throws_p90,0.000181719062329638
2014,FWD,keeper_throws_p90,0
2014,OTHER,keeper_throws_p90,0.0563258883160833
2027,GK,keeper_pickup_p90,5.0149601182582
2027,DEF,keeper_pickup_p90,0
2027,MID,keeper_pickup_p90,0
2027,FWD,keeper_pickup_p90,0
2027,OTHER,keeper_pickup_p90,0.0098826517538174
2026,GK,keeper_pickup_p90,5.83809917035469
2026,DEF,keeper_pickup_p90,1.94878590638032e-05
2026,MID,keeper_pickup_p90,0
2026,FWD,keeper_pickup_p90,0
2026,OTHER,keeper_pickup_p90,0.0037970347993069
2025,GK,keeper_pickup_p90,5.86611317861332
2025,DEF,keeper_pickup_p90,8.82768361581921e-05
2025,MID,keeper_pickup_p90,1.78434416430241e-05
2025,FWD,keeper_pickup_p90,0
2025,OTHER,keeper_pickup_p90,0.00489391912797605
2024,GK,keeper_pickup_p90,6.15416036423842
2024,DEF,keeper_pickup_p90,0.000100772988096932
2024,MID,keeper_pickup_p90,0
2024,FWD,keeper_pickup_p90,2.8518465706545e-05
2024,OTHER,keeper_pickup_p90,0.00423455101762239
2023,GK,keeper_pickup_p90,6.30738766908274
2023,DEF,keeper_pickup_p90,9.35681269532347e-05
2023,MID,keeper_pickup_p90,0
2023,FWD,keeper_pickup_p90,6.11995104039168e-05
2023,OTHER,keeper_pickup_p90,0.00264324676965312
2022,GK,keeper_pickup_p90,6.46597128363085
2022,DEF,keeper_pickup_p90,7.42307835059199e-05
2022,MID,keeper_pickup_p90,4.34063633728705e-05
2022,FWD,keeper_pickup_p90,0
2022,OTHER,keeper_pickup_p90,0.00411745112447171
2021,GK,keeper_pickup_p90,6.59446816879826
2021,DEF,keeper_pickup_p90,3.81628408418723e-05
2021,MID,keeper_pickup_p90,3.78150466070449e-05
2021,FWD,keeper_pickup_p90,0
2021,OTHER,keeper_pickup_p90,0.00471254157856621
2020,GK,keeper_pickup_p90,6.67508339394561
2020,DEF,keeper_pickup_p90,6.1038881767686e-05
2020,MID,keeper_pickup_p90,3.08603876064683e-05
2020,FWD,keeper_pickup_p90,0
2020,OTHER,keeper_pickup_p90,0.00627129310229917
2019,GK,keeper_pickup_p90,6.53563810204342
2019,DEF,keeper_pickup_p90,0
2019,MID,keeper_pickup_p90,2.0185708518369e-05
2019,FWD,keeper_pickup_p90,0
2019,OTHER,keeper_pickup_p90,0.00207049133787351
2018,GK,keeper_pickup_p90,6.68291048770401
2018,DEF,keeper_pickup_p90,2.15373349701708e-05
2018,MID,keeper_pickup_p90,0
2018,FWD,keeper_pickup_p90,0
2018,OTHER,keeper_pickup_p90,0.00332956805492809
2017,GK,keeper_pickup_p90,6.72994695715301
2017,DEF,keeper_pickup_p90,2.10677116251633e-05
2017,MID,keeper_pickup_p90,0
2017,FWD,keeper_pickup_p90,0.000188991259154264
2017,OTHER,keeper_pickup_p90,0.00410621320701709
2016,GK,keeper_pickup_p90,6.70021051577478
2016,DEF,keeper_pickup_p90,0.000103570596307708
2016,MID,keeper_pickup_p90,0
2016,FWD,keeper_pickup_p90,0
2016,OTHER,keeper_pickup_p90,0.0462050823147533
2015,GK,keeper_pickup_p90,6.96904597615265
2015,DEF,keeper_pickup_p90,5.12531392547794e-05
2015,MID,keeper_pickup_p90,4.76758045292014e-05
2015,FWD,keeper_pickup_p90,0
2015,OTHER,keeper_pickup_p90,0.0392013376183807
2014,GK,keeper_pickup_p90,7.20871024693044
2014,DEF,keeper_pickup_p90,0
2014,MID,keeper_pickup_p90,0.000363438124659277
2014,FWD,keeper_pickup_p90,0.00029171528588098
2014,OTHER,keeper_pickup_p90,0.107144769443892
2027,GK,gsaa_per90,0
2027,DEF,gsaa_per90,0
2027,MID,gsaa_per90,0
2027,FWD,gsaa_per90,0
2027,OTHER,gsaa_per90,0
2026,GK,gsaa_per90,0.00233123305736684
2026,DEF,gsaa_per90,0
2026,MID,gsaa_per90,0
2026,FWD,gsaa_per90,0
2026,OTHER,gsaa_per90,0
2025,GK,gsaa_per90,0.000411224896927783
2025,DEF,gsaa_per90,0
2025,MID,gsaa_per90,0
2025,FWD,gsaa_per90,0
2025,OTHER,gsaa_per90,0
2024,GK,gsaa_per90,-0.0282959812458138
2024,DEF,gsaa_per90,0
2024,MID,gsaa_per90,0
2024,FWD,gsaa_per90,0
2024,OTHER,gsaa_per90,0
2023,GK,gsaa_per90,-0.0412263872283564
2023,DEF,gsaa_per90,0
2023,MID,gsaa_per90,0
2023,FWD,gsaa_per90,0
2023,OTHER,gsaa_per90,0
2022,GK,gsaa_per90,-0.0507913599110988
2022,DEF,gsaa_per90,0
2022,MID,gsaa_per90,0
2022,FWD,gsaa_per90,0
2022,OTHER,gsaa_per90,0
2021,GK,gsaa_per90,-0.0618583500429676
2021,DEF,gsaa_per90,0
2021,MID,gsaa_per90,0
2021,FWD,gsaa_per90,0
2021,OTHER,gsaa_per90,0
2020,GK,gsaa_per90,-0.0783207106124357
2020,DEF,gsaa_per90,0
2020,MID,gsaa_per90,0
2020,FWD,gsaa_per90,0
2020,OTHER,gsaa_per90,0
2019,GK,gsaa_per90,-0.0458896797153025
2019,DEF,gsaa_per90,0
2019,MID,gsaa_per90,0
2019,FWD,gsaa_per90,0
2019,OTHER,gsaa_per90,0
2018,GK,gsaa_per90,-0.0595237857618097
2018,DEF,gsaa_per90,0
2018,MID,gsaa_per90,0
2018,FWD,gsaa_per90,0
2018,OTHER,gsaa_per90,0
2017,GK,gsaa_per90,-0.0934153504442251
2017,DEF,gsaa_per90,0
2017,MID,gsaa_per90,0
2017,FWD,gsaa_per90,0
2017,OTHER,gsaa_per90,0
2016,GK,gsaa_per90,-0.0647502087004916
2016,DEF,gsaa_per90,0
2016,MID,gsaa_per90,0
2016,FWD,gsaa_per90,0
2016,OTHER,gsaa_per90,0
2015,GK,gsaa_per90,-0.0429907529722589
2015,DEF,gsaa_per90,0
2015,MID,gsaa_per90,0
2015,FWD,gsaa_per90,0
2015,OTHER,gsaa_per90,0
2014,GK,gsaa_per90,-0.0536535087719298
2014,DEF,gsaa_per90,0
2014,MID,gsaa_per90,0
2014,FWD,gsaa_per90,0
2014,OTHER,gsaa_per90,0
2027,GK,goals_conceded_p90,1.4924549777491
2027,DEF,goals_conceded_p90,1.48335202118035
2027,MID,goals_conceded_p90,1.47056302598325
2027,FWD,goals_conceded_p90,1.42408408511525
2027,OTHER,goals_conceded_p90,1.85893188679916
2026,GK,goals_conceded_p90,1.37263304510912
2026,DEF,goals_conceded_p90,1.36196157923838
2026,MID,goals_conceded_p90,1.34325933785688
2026,FWD,goals_conceded_p90,1.29077337455462
2026,OTHER,goals_conceded_p90,1.73557738157233
2025,GK,goals_conceded_p90,1.37093575792789
2025,DEF,goals_conceded_p90,1.36613335760186
2025,MID,goals_conceded_p90,1.35080250518065
2025,FWD,goals_conceded_p90,1.2867889859707
2025,OTHER,goals_conceded_p90,1.71125716532717
2024,GK,goals_conceded_p90,1.39910807527761
2024,DEF,goals_conceded_p90,1.38849266267385
2024,MID,goals_conceded_p90,1.37003790735021
2024,FWD,goals_conceded_p90,1.31011995918301
2024,OTHER,goals_conceded_p90,1.77936959808863
2023,GK,goals_conceded_p90,1.3447644601094
2023,DEF,goals_conceded_p90,1.34366314517437
2023,MID,goals_conceded_p90,1.3243707907416
2023,FWD,goals_conceded_p90,1.27220028050005
2023,OTHER,goals_conceded_p90,1.66678111171552
2022,GK,goals_conceded_p90,1.34715688960731
2022,DEF,goals_conceded_p90,1.34202236649932
2022,MID,goals_conceded_p90,1.32658581498742
2022,FWD,goals_conceded_p90,1.26895126325795
2022,OTHER,goals_conceded_p90,1.68078923961611
2021,GK,goals_conceded_p90,1.33904745592414
2021,DEF,goals_conceded_p90,1.33896480073342
2021,MID,goals_conceded_p90,1.32277650509904
2021,FWD,goals_conceded_p90,1.2708193256868
2021,OTHER,goals_conceded_p90,1.66684486190513
2020,GK,goals_conceded_p90,1.38454871025306
2020,DEF,goals_conceded_p90,1.382939280653
2020,MID,goals_conceded_p90,1.37295062621953
2020,FWD,goals_conceded_p90,1.31692035989278
2020,OTHER,goals_conceded_p90,1.77185577864189
2019,GK,goals_conceded_p90,1.36502351889655
2019,DEF,goals_conceded_p90,1.35482748526008
2019,MID,goals_conceded_p90,1.34243980971059
2019,FWD,goals_conceded_p90,1.29870442763887
2019,OTHER,goals_conceded_p90,1.75841361610649
2018,GK,goals_conceded_p90,1.35885566380727
2018,DEF,goals_conceded_p90,1.34670683092063
2018,MID,goals_conceded_p90,1.33226120570986
2018,FWD,goals_conceded_p90,1.29682555657179
2018,OTHER,goals_conceded_p90,1.75463259853393
2017,GK,goals_conceded_p90,1.36876029439561
2017,DEF,goals_conceded_p90,1.35906293175995
2017,MID,goals_conceded_p90,1.34389840950253
2017,FWD,goals_conceded_p90,1.30701614735216
2017,OTHER,goals_conceded_p90,1.77633026308689
2016,GK,goals_conceded_p90,1.3367592222212
2016,DEF,goals_conceded_p90,1.32503742517505
2016,MID,goals_conceded_p90,1.30836771945118
2016,FWD,goals_conceded_p90,1.27156739559841
2016,OTHER,goals_conceded_p90,1.62303776649983
2015,GK,goals_conceded_p90,1.31823643094198
2015,DEF,goals_conceded_p90,1.29489406647376
2015,MID,goals_conceded_p90,1.27283866927948
2015,FWD,goals_conceded_p90,1.2723999602323
2015,OTHER,goals_conceded_p90,1.64173902116656
2014,GK,goals_conceded_p90,1.33867228879151
2014,DEF,goals_conceded_p90,1.32687617189004
2014,MID,goals_conceded_p90,1.31507189979475
2014,FWD,goals_conceded_p90,1.28135076853828
2014,OTHER,goals_conceded_p90,1.6643855022775
,GK,goals_p90,0.000527359265168255
,DEF,goals_p90,0.0386213471550412
,MID,goals_p90,0.110176547891681
,FWD,goals_p90,0.302056743927281
,OTHER,goals_p90,0.227437551067927
,GK,shots_p90,0.0027287102291739
,DEF,shots_p90,0.515518081487693
,MID,shots_p90,1.2704537849941
,FWD,shots_p90,2.25636386814688
,OTHER,shots_p90,2.06159521924941
,GK,shots_on_target_p90,0.000953148353228044
,DEF,shots_on_target_p90,0.142525146888756
,MID,shots_on_target_p90,0.407530675762632
,FWD,shots_on_target_p90,0.88745254927192
,OTHER,shots_on_target_p90,0.744319943106157
,GK,shots_ibox_p90,0.00181276538058445
,DEF,shots_ibox_p90,0.301537584496421
,MID,shots_ibox_p90,0.504158271904101
,FWD,shots_ibox_p90,1.41547291681184
,OTHER,shots_ibox_p90,1.12699764933647
,GK,shots_obox_p90,0.000440808813966481
,DEF,shots_obox_p90,0.142656736150011
,MID,shots_obox_p90,0.549449174819044
,FWD,shots_obox_p90,0.575918242906476
,OTHER,shots_obox_p90,0.64030847570178
,GK,big_chance_scored_p90,0.000440578626596263
,DEF,big_chance_scored_p90,0.0204192873339703
,MID,big_chance_scored_p90,0.0567878085752654
,FWD,big_chance_scored_p90,0.199559845350681
,OTHER,big_chance_scored_p90,0.133945871095934
,GK,big_chance_missed_p90,0.000206938445825518
,DEF,big_chance_missed_p90,0.0348441308143451
,MID,big_chance_missed_p90,0.0806603738615336
,FWD,big_chance_missed_p90,0.278669599355027
,OTHER,big_chance_missed_p90,0.209152639974048
,GK,assists_p90,0.00280938792409756
,DEF,assists_p90,0.0445699283136847
,MID,assists_p90,0.104040540224295
,FWD,assists_p90,0.130475379701791
,OTHER,assists_p90,0.143485253205577
,GK,big_chance_created_p90,0.00470507335126275
,DEF,big_chance_created_p90,0.0692579988101012
,MID,big_chance_created_p90,0.154329189703224
,FWD,big_chance_created_p90,0.200427958211819
,OTHER,big_chance_created_p90,0.220185946720675
,GK,total_att_assist_p90,0.0272476406870026
,DEF,total_att_assist_p90,0.47219150751007
,MID,total_att_assist_p90,1.11457392283032
,FWD,total_att_assist_p90,1.17274603132485
,OTHER,total_att_assist_p90,1.33893387820033
,GK,key_passes_p90,0.0309829714362817
,DEF,key_passes_p90,1.30175220993408
,MID,key_passes_p90,1.84402351759273
,FWD,key_passes_p90,1.57093157054636
,OTHER,key_passes_p90,1.97951491933938
,GK,through_balls_p90,0.00153200898896965
,DEF,through_balls_p90,0.0330024024722032
,MID,through_balls_p90,0.139223709998344
,FWD,through_balls_p90,0.126812485236547
,OTHER,through_balls_p90,0.130185178258136
,GK,passes_p90,27.5920301500711
,DEF,passes_p90,44.3915639213925
,MID,passes_p90,40.6199087399763
,FWD,passes_p90,24.4026317187439
,OTHER,passes_p90,38.2923079993271
,GK,passes_accurate_p90,17.5082904527993
,DEF,passes_accurate_p90,36.3832715613996
,MID,passes_accurate_p90,33.2071314943747
,FWD,passes_accurate_p90,18.3078710136396
,OTHER,passes_accurate_p90,30.3794514495527
,GK,final_third_passes_p90,4.33594138199831
,DEF,final_third_passes_p90,8.60657471512064
,MID,final_third_passes_p90,13.1078513085621
,FWD,final_third_passes_p90,11.1925550432459
,OTHER,final_third_passes_p90,14.5149482438789
,GK,long_balls_p90,16.3870373809849
,DEF,long_balls_p90,6.15599337486224
,MID,long_balls_p90,3.78445367876629
,FWD,long_balls_p90,1.32342526159277
,OTHER,long_balls_p90,3.24894975446609
,GK,crosses_p90,0.000920676324360727
,DEF,crosses_p90,1.30112826277399
,MID,crosses_p90,2.11712538932102
,FWD,crosses_p90,1.77182676339307
,OTHER,crosses_p90,2.56986788901629
,GK,forward_pass_p90,18.4824578485818
,DEF,forward_pass_p90,17.7942684785322
,MID,forward_pass_p90,12.3878791366049
,FWD,forward_pass_p90,5.9306522784428
,OTHER,forward_pass_p90,11.6253514311629
,GK,tackles_p90,0.0283299713599147
,DEF,tackles_p90,1.70674033403343
,MID,tackles_p90,1.8558096752811
,FWD,tackles_p90,0.946088944323625
,OTHER,tackles_p90,1.89633416220355
,GK,tackles_won_p90,0.0173908252165001
,DEF,tackles_won_p90,1.12741933404876
,MID,tackles_won_p90,1.18285526856058
,FWD,tackles_won_p90,0.59508116470255
,OTHER,tackles_won_p90,1.21316708452483
,GK,interceptions_p90,0.032194757642341
,DEF,interceptions_p90,1.51900008445602
,MID,interceptions_p90,1.06361777024377
,FWD,interceptions_p90,0.379219351103162
,OTHER,interceptions_p90,0.910538277193628
,GK,interceptions_won_p90,0.032194757642341
,DEF,interceptions_won_p90,1.51899300916788
,MID,interceptions_won_p90,1.06361606057611
,FWD,interceptions_won_p90,0.379215978860392
,OTHER,interceptions_won_p90,0.910401161331199
,GK,clearances_p90,0.870235614520188
,DEF,clearances_p90,3.53291080152142
,MID,clearances_p90,1.00397079011742
,FWD,clearances_p90,0.609669774614444
,OTHER,clearances_p90,1.41877188730045
,GK,clearances_effective_p90,0.856854448828093
,DEF,clearances_effective_p90,3.45280221842147
,MID,clearances_effective_p90,0.988060951727359
,FWD,clearances_effective_p90,0.602845684889262
,OTHER,clearances_effective_p90,1.39185373298472
,GK,blocks_p90,0.000227194934404656
,DEF,blocks_p90,0.52160753688217
,MID,blocks_p90,0.199601551670927
,FWD,blocks_p90,0.0787579092006865
,OTHER,blocks_p90,0.221112739467899
,GK,blocked_passes_p90,0.021341621243763
,DEF,blocked_passes_p90,1.01285455193472
,MID,blocked_passes_p90,1.46319528641328
,FWD,blocked_passes_p90,1.15787413244445
,OTHER,blocked_passes_p90,1.46933373584562
,GK,duel_won_p90,0.442734562525789
,DEF,duel_won_p90,4.70957864123336
,MID,duel_won_p90,5.09929372961901
,FWD,duel_won_p90,5.09711165001187
,OTHER,duel_won_p90,6.39546844232812
,GK,duel_lost_p90,0.0896160400142951
,DEF,duel_lost_p90,3.57297246608453
,MID,duel_lost_p90,5.36160833498292
,FWD,duel_lost_p90,6.79379371235851
,OTHER,duel_lost_p90,7.49350335313065
,GK,aerial_won_p90,0.287286179464587
,DEF,aerial_won_p90,1.83776058197459
,MID,aerial_won_p90,1.01187303512436
,FWD,aerial_won_p90,1.60553931177912
,OTHER,aerial_won_p90,1.67529333395899
,GK,aerial_lost_p90,0.0269152140947209
,DEF,aerial_lost_p90,1.31052030220815
,MID,aerial_lost_p90,1.16862978312473
,FWD,aerial_lost_p90,2.33199318590636
,OTHER,aerial_lost_p90,2.14554425870034
,GK,touches_p90,37.1625656165894
,DEF,touches_p90,62.6412432340435
,MID,touches_p90,57.9143159091932
,FWD,touches_p90,41.5020592598042
,OTHER,touches_p90,60.5186396481796
,GK,touches_opp_box_p90,0.00447509412416164
,DEF,touches_opp_box_p90,0.864488652439501
,MID,touches_opp_box_p90,1.6126374661459
,FWD,touches_opp_box_p90,3.89781555718149
,OTHER,touches_opp_box_p90,3.31332206047495
,GK,poss_won_def3rd_p90,1.2680275078813
,DEF,poss_won_def3rd_p90,2.86200140333046
,MID,poss_won_def3rd_p90,1.9999374112647
,FWD,poss_won_def3rd_p90,0.888935316340445
,OTHER,poss_won_def3rd_p90,1.99704912310605
,GK,poss_won_mid3rd_p90,0.0210665689878318
,DEF,poss_won_mid3rd_p90,1.71831301125129
,MID,poss_won_mid3rd_p90,2.88719115239216
,FWD,poss_won_mid3rd_p90,1.69413881430455
,OTHER,poss_won_mid3rd_p90,2.48491648046734
,GK,poss_won_att3rd_p90,0.000782818420697272
,DEF,poss_won_att3rd_p90,0.127173473876349
,MID,poss_won_att3rd_p90,0.468159546301173
,FWD,poss_won_att3rd_p90,0.597615865243236
,OTHER,poss_won_att3rd_p90,0.523414132534092
,GK,ball_recovery_p90,8.39823922304912
,DEF,ball_recovery_p90,4.70754920762199
,MID,ball_recovery_p90,5.35531441253738
,FWD,ball_recovery_p90,3.18072184484773
,OTHER,ball_recovery_p90,5.01668239687022
,GK,dispossessed_p90,0.00327745947930734
,DEF,dispossessed_p90,0.352643638190125
,MID,dispossessed_p90,1.10716051912416
,FWD,dispossessed_p90,1.49739667181588
,OTHER,dispossessed_p90,1.45009508884836
,GK,turnover_p90,0.034280547434559
,DEF,turnover_p90,0.711193631474316
,MID,turnover_p90,1.58865084719579
,FWD,turnover_p90,2.56079600494566
,OTHER,turnover_p90,2.34671076789816
,GK,times_tackled_p90,0.00322941915607581
,DEF,times_tackled_p90,0.436728143126946
,MID,times_tackled_p90,1.14858777996233
,FWD,times_tackled_p90,1.90158640501059
,OTHER,times_tackled_p90,1.90261603428913
,GK,corners_taken_p90,0.000146859542198754
,DEF,corners_taken_p90,0.128739624950887
,MID,corners_taken_p90,0.801472535032827
,FWD,corners_taken_p90,0.505453343373853
,OTHER,corners_taken_p90,0.660224349727373
,GK,corners_won_p90,0.0103846999649403
,DEF,corners_won_p90,0.270979654382455
,MID,corners_won_p90,0.492922826721701
,FWD,corners_won_p90,0.745635373158956
,OTHER,corners_won_p90,0.778300690301315
,GK,pen_area_entries_p90,0.308819454493596
,DEF,pen_area_entries_p90,2.01100273353679
,MID,pen_area_entries_p90,3.27932932014433
,FWD,pen_area_entries_p90,2.68617487188532
,OTHER,pen_area_entries_p90,3.702220551025
,GK,final_third_entries_p90,4.34061206317221
,DEF,final_third_entries_p90,5.85763484552347
,MID,final_third_entries_p90,5.70583350521084
,FWD,final_third_entries_p90,2.60197804008505
,OTHER,final_third_entries_p90,5.02013007775472
,GK,fouls_p90,0.0235208925014907
,DEF,fouls_p90,1.05389809720973
,MID,fouls_p90,1.36197004081643
,FWD,fouls_p90,1.30092357642472
,OTHER,fouls_p90,1.79882083310974
,GK,was_fouled_p90,0.152252590322266
,DEF,was_fouled_p90,0.771276857896886
,MID,was_fouled_p90,1.33562218320332
,FWD,was_fouled_p90,1.49706685994354
,OTHER,was_fouled_p90,1.59048828616344
,GK,fwd_zone_pass_p90,12.2447649604979
,DEF,fwd_zone_pass_p90,20.6418538259045
,MID,fwd_zone_pass_p90,26.5420940945756
,FWD,fwd_zone_pass_p90,19.4222148700984
,OTHER,fwd_zone_pass_p90,27.3778386910904
,GK,open_play_pass_p90,15.4037826891723
,DEF,open_play_pass_p90,42.9156487991714
,MID,open_play_pass_p90,39.3736450309064
,FWD,open_play_pass_p90,23.3535962612351
,OTHER,open_play_pass_p90,37.205785045764
,GK,error_lead_to_shot_p90,0.0320576316519401
,DEF,error_lead_to_shot_p90,0.0268171089072294
,MID,error_lead_to_shot_p90,0.0176457073011796
,FWD,error_lead_to_shot_p90,0.00613576210742032
,OTHER,error_lead_to_shot_p90,0.0154637753492182
,GK,error_lead_to_goal_p90,0.0481012226012171
,DEF,error_lead_to_goal_p90,0.0142746199594047
,MID,error_lead_to_goal_p90,0.00669044264311018
,FWD,error_lead_to_goal_p90,0.00216769045224787
,OTHER,error_lead_to_goal_p90,0.00675079202139136
,GK,att_fastbreak_p90,1.3350867472614e-05
,DEF,att_fastbreak_p90,0.00404751419128399
,MID,att_fastbreak_p90,0.0370313136395872
,FWD,att_fastbreak_p90,0.125674152422261
,OTHER,att_fastbreak_p90,0.111870484278589
,GK,shot_fastbreak_p90,1.3350867472614e-05
,DEF,shot_fastbreak_p90,0.00404751419128399
,MID,shot_fastbreak_p90,0.0370313136395872
,FWD,shot_fastbreak_p90,0.125674152422261
,OTHER,shot_fastbreak_p90,0.111870484278589
,GK,att_openplay_p90,0.000169023297559695
,DEF,att_openplay_p90,0.201540632689331
,MID,att_openplay_p90,0.958194553930606
,FWD,att_openplay_p90,1.81036950668496
,OTHER,att_openplay_p90,1.61028781105758
,GK,att_setpiece_p90,0.000412208033216958
,DEF,att_setpiece_p90,0.0778265764640247
,MID,att_setpiece_p90,0.0631337641148468
,FWD,att_setpiece_p90,0.0990962763887604
,OTHER,att_setpiece_p90,0.1067421692005
,GK,att_headed_p90,0.00127539296481174
,DEF,att_headed_p90,0.189925368140079
,MID,att_headed_p90,0.115164867937308
,FWD,att_headed_p90,0.377333757507941
,OTHER,att_headed_p90,0.31172788352639
,GK,att_one_on_one_p90,6.67543373630701e-06
,DEF,att_one_on_one_p90,0.00149877896644327
,MID,att_one_on_one_p90,0.0125707485254136
,FWD,att_one_on_one_p90,0.0517952013932291
,OTHER,att_one_on_one_p90,0.0363983345255832
,GK,crosses_open_play_p90,0.000800518517107201
,DEF,crosses_open_play_p90,1.19132248973929
,MID,crosses_open_play_p90,1.45190680941386
,FWD,crosses_open_play_p90,1.3754163197171
,OTHER,crosses_open_play_p90,2.03391837019415
,GK,penalty_won_p90,1.83574427748443e-05
,DEF,penalty_won_p90,0.00406604556295298
,MID,penalty_won_p90,0.00953464043593101
,FWD,penalty_won_p90,0.0260869587185857
,OTHER,penalty_won_p90,0.0217661155263701
,GK,penalty_conceded_p90,0.0143215696172461
,DEF,penalty_conceded_p90,0.026395709898156
,MID,penalty_conceded_p90,0.00938473933099986
,FWD,penalty_conceded_p90,0.00360634895652114
,OTHER,penalty_conceded_p90,0.0131072546062864
,GK,offtarget_att_assist_p90,0.0108985797469888
,DEF,offtarget_att_assist_p90,0.208231065667716
,MID,offtarget_att_assist_p90,0.469998142941821
,FWD,offtarget_att_assist_p90,0.455052957436578
,OTHER,offtarget_att_assist_p90,0.540644003292026
,GK,last_man_tackle_p90,0.00599763887368665
,DEF,last_man_tackle_p90,0.0138566993203982
,MID,last_man_tackle_p90,0.001942463906757
,FWD,last_man_tackle_p90,0.000385073205211768
,OTHER,last_man_tackle_p90,0.00384246299771242
,GK,six_yard_block_p90,0.000127071649337559
,DEF,six_yard_block_p90,0.0179761138753975
,MID,six_yard_block_p90,0.0218358503201753
,FWD,six_yard_block_p90,0.0487084904308095
,OTHER,six_yard_block_p90,0.0427726550277058
,GK,clearance_off_line_p90,2.0026301208921e-05
,DEF,clearance_off_line_p90,0.0167517770153242
,MID,clearance_off_line_p90,0.00365231647615519
,FWD,clearance_off_line_p90,0.00178007785385813
,OTHER,clearance_off_line_p90,0.00546425948116825
,GK,unsuccessful_touch_p90,0.034280547434559
,DEF,unsuccessful_touch_p90,0.711193631474316
,MID,unsuccessful_touch_p90,1.58865084719579
,FWD,unsuccessful_touch_p90,2.56079600494566
,OTHER,unsuccessful_touch_p90,2.34671076789816
,GK,overrun_p90,0.00034678878260115
,DEF,overrun_p90,0.0761292749384712
,MID,overrun_p90,0.173948330732174
,FWD,overrun_p90,0.244221906491782
,OTHER,overrun_p90,0.274304209937806
,GK,flick_on_p90,0.000239556190163456
,DEF,flick_on_p90,0.103344743913867
,MID,flick_on_p90,0.515197746428111
,FWD,flick_on_p90,1.33199530487888
,OTHER,flick_on_p90,0.928207016405734
,GK,xg_per90,0.000532833120832026
,DEF,xg_per90,0.0415801948534354
,MID,xg_per90,0.10871121832627
,FWD,xg_per90,0.292709104343561
,OTHER,xg_per90,0.220266890792502
,GK,npxg_per90,0.000167887158468121
,DEF,npxg_per90,0.0400168745622165
,MID,npxg_per90,0.0987714328211739
,FWD,npxg_per90,0.261139906109267
,OTHER,npxg_per90,0.207375807988463
,GK,xa_per90_xmetrics,0.00185323391387355
,DEF,xa_per90_xmetrics,0.0347463509201412
,MID,xa_per90_xmetrics,0.0795893891186492
,FWD,xa_per90_xmetrics,0.100814823779707
,OTHER,xa_per90_xmetrics,0.108976216284552
,GK,xpass_overperformance_per90_xmetrics,0.76832767034038
,DEF,xpass_overperformance_per90_xmetrics,0.447202218810361
,MID,xpass_overperformance_per90_xmetrics,-0.317049164912833
,FWD,xpass_overperformance_per90_xmetrics,-1.27810129243078
,OTHER,xpass_overperformance_per90_xmetrics,-0.635037446651106
,GK,npg_minus_npxg_per90,-4.18883466953266e-05
,DEF,npg_minus_npxg_per90,-0.00449457856046188
,MID,npg_minus_npxg_per90,-0.00240098374277024
,FWD,npg_minus_npxg_per90,-8.66450943047676e-05
,OTHER,npg_minus_npxg_per90,-0.00479330712809119
,GK,placement_added_per90,-1.93253806666088e-05
,DEF,placement_added_per90,-0.00369543184021169
,MID,placement_added_per90,-0.00188286212043241
,FWD,placement_added_per90,0.00102292488104414
,OTHER,placement_added_per90,-0.000703624798368688
,GK,aerial_woe_per90,0.0754914721334019
,DEF,aerial_woe_per90,0.16072883781317
,MID,aerial_woe_per90,-0.073072048814431
,FWD,aerial_woe_per90,-0.1827258218624
,OTHER,aerial_woe_per90,-0.132649733928609
,GK,aerial_poss_woe_per90,0.0477099190269888
,DEF,aerial_poss_woe_per90,0.00245184382008957
,MID,aerial_poss_woe_per90,0.00778001706248323
,FWD,aerial_poss_woe_per90,-0.0129286583307323
,OTHER,aerial_poss_woe_per90,-0.00793095488375033
,GK,takeon_woe_per90,0.00425588272598012
,DEF,takeon_woe_per90,0.0486147576360047
,MID,takeon_woe_per90,0.0132180048520368
,FWD,takeon_woe_per90,-0.0703861590791829
,OTHER,takeon_woe_per90,-0.0267418159343168
,GK,tackle_poss_woe_per90,-0.000935248292757822
,DEF,tackle_poss_woe_per90,-0.0373825891309424
,MID,tackle_poss_woe_per90,-0.0486414690148382
,FWD,tackle_poss_woe_per90,-0.0337854335598856
,OTHER,tackle_poss_woe_per90,-0.0587232295658811
,GK,containment_woe_per90,0.000784049718630467
,DEF,containment_woe_per90,0.102569711045232
,MID,containment_woe_per90,-0.0704827571468382
,FWD,containment_woe_per90,-0.111775684593384
,OTHER,containment_woe_per90,-0.0676924903017973
,GK,saves_p90,2.95273310124112
,DEF,saves_p90,3.53764407055477e-05
,MID,saves_p90,1.36773412616322e-05
,FWD,saves_p90,3.84462439612098e-05
,OTHER,saves_p90,0.00470920060786999
,GK,saves_ibox_p90,1.80343427682744
,DEF,saves_ibox_p90,0
,MID,saves_ibox_p90,0
,FWD,saves_ibox_p90,0
,OTHER,saves_ibox_p90,0.00283476929529243
,GK,saves_obox_p90,1.11649252520479
,DEF,saves_obox_p90,0
,MID,saves_obox_p90,0
,FWD,saves_obox_p90,0
,OTHER,saves_obox_p90,0.00173189112594413
,GK,keeper_sweeper_p90,0.436252550443302
,DEF,keeper_sweeper_p90,1.76882203527739e-06
,MID,keeper_sweeper_p90,0
,FWD,keeper_sweeper_p90,3.18489594944933e-06
,OTHER,keeper_sweeper_p90,0.00101014429719794
,GK,gk_smother_p90,0.107626685358559
,DEF,gk_smother_p90,0
,MID,gk_smother_p90,1.70966765770401e-06
,FWD,gk_smother_p90,0
,OTHER,gk_smother_p90,0.000180924490645228
,GK,high_claim_p90,0.791019678512227
,DEF,high_claim_p90,7.07528814110955e-06
,MID,high_claim_p90,8.54833828852009e-06
,FWD,high_claim_p90,6.36979189889866e-06
,OTHER,high_claim_p90,0.00151576813164468
,GK,good_high_claim_p90,0.705755409231591
,DEF,good_high_claim_p90,5.30646610583216e-06
,MID,good_high_claim_p90,8.54833828852009e-06
,FWD,good_high_claim_p90,6.36979189889866e-06
,OTHER,good_high_claim_p90,0.00133289043233717
,GK,punches_p90,0.420591638997996
,DEF,punches_p90,1.71060062032312e-05
,MID,punches_p90,5.36705796342528e-06
,FWD,punches_p90,6.36979189889866e-06
,OTHER,punches_p90,0.000771104290499096
,GK,keeper_throws_p90,4.17052283867246
,DEF,keeper_throws_p90,1.76882203527739e-05
,MID,keeper_throws_p90,3.41933531540804e-06
,FWD,keeper_throws_p90,3.18489594944933e-06
,OTHER,keeper_throws_p90,0.00589023981447457
,GK,keeper_pickup_p90,6.40260691852769
,DEF,keeper_pickup_p90,5.60126977837838e-05
,MID,keeper_pickup_p90,1.77542410607725e-05
,FWD,keeper_pickup_p90,2.54791675955947e-05
,OTHER,keeper_pickup_p90,0.00996977033039996
,GK,gsaa_per90,-0.0444124416733977
,DEF,gsaa_per90,0
,MID,gsaa_per90,0
,FWD,gsaa_per90,0
,OTHER,gsaa_per90,0
,GK,goals_conceded_p90,1.36154352021174
,DEF,goals_conceded_p90,1.35410390930342
,MID,goals_conceded_p90,1.33755792073943
,FWD,goals_conceded_p90,1.2894993088772
,OTHER,goals_conceded_p90,1.71244435881966
